"FormId"	"EditorId"	"Offset"	"CalcMin"	"CalcMax"	""	"Old bOffset"	"Old Offset"	"Old CalcMin"	"Old CalcMax"
"0x0002FB2B"	"AdamusPhillida"	15	1	0		1	15	1	0
"0x0018ABFC"	"AdventurerOrcBattlemage01"	-2	1	0		1	-2	0	0
"0x0018ABFB"	"AdventurerOrcSpellsword01"	-2	1	0		1	-2	0	0
"0x0001F1A8"	"AdventurerOrcWarrior01"	-2	1	0		1	-2	0	0
"0x0018ABFD"	"AdventurerOrcWarrior02"	-2	1	0		1	-2	0	0
"0x0018ABFE"	"AdventurerOrcWarrior03"	-2	1	0		1	-2	0	0
"0x0018ABFF"	"AdventurerOrcWarrior04"	-2	1	0		1	-2	0	0
"0x00185FE0"	"AelwinMerowald"	0	1	0		1	0	1	0
"0x000514C4"	"Aengvir"	1	1	0		1	1	0	0
"0x00035726"	"Aenvir"	1	1	0		1	1	0	0
"0x0001FC54"	"Agarmir"	1	1	0		1	1	0	0
"0x000356CD"	"AjumKajin"	4	1	0		1	4	0	0
"0x0008595D"	"Alonzo"	-2	1	0		1	-2	0	0
"0x00026B4C"	"Amir"	1	1	0		1	1	0	0
"0x000A369F"	"AmminusGregori"	10	1	0		1	10	1	0
"0x0003563B"	"Amusei"	-3	1	0		1	-3	0	0
"0x00026B36"	"Anedhel"	1	1	0		1	1	1	0
"0x00026ADB"	"Angalsama"	1	1	0		1	1	1	0
"0x0000A299"	"Anguilon"	1	1	0		1	1	0	0
"0x00023E36"	"AntoinettaMarie"	6	1	0		1	6	0	0
"0x000222A0"	"AntusOdiil"	0	1	0		1	0	1	0
"0x0000BFD7"	"AnvilGuardCastlePatrolDay01"	10	1	0		1	10	0	0
"0x0000BFD9"	"AnvilGuardCastlePatrolNight01"	10	1	0		1	10	1	0
"0x0000A2A7"	"AnvilGuardCastlePostDay01"	10	1	0		1	10	0	0
"0x0000A2AA"	"AnvilGuardCastlePostDay02"	10	1	0		1	10	0	0
"0x0000BFDB"	"AnvilGuardCastlePostDay03"	10	1	0		1	10	0	0
"0x0000A2AB"	"AnvilGuardCastlePostNight01"	10	1	0		1	10	1	0
"0x0000A2AE"	"AnvilGuardCastlePostNight02"	10	1	0		1	10	1	0
"0x0000BFDC"	"AnvilGuardCastlePostNight03"	10	1	0		1	10	1	0
"0x0000BFDF"	"AnvilGuardCityPatrolDay01"	10	1	0		1	10	1	0
"0x0000BFED"	"AnvilGuardCityPatrolDay02"	10	1	0		1	10	1	0
"0x0000BFE9"	"AnvilGuardCityPatrolNight01"	10	1	0		1	10	1	0
"0x0000BFEE"	"AnvilGuardCityPatrolNight02"	10	1	0		1	10	1	0
"0x0000BFF7"	"AnvilGuardCityPostDay01"	10	1	0		1	10	1	0
"0x0000BFFB"	"AnvilGuardCityPostDay02"	10	1	0		1	10	1	0
"0x0004EFFB"	"AnvilGuardCityPostDay03"	10	1	0		1	10	1	0
"0x0000BFF8"	"AnvilGuardCityPostNight01"	10	1	0		1	10	1	0
"0x0000BFFC"	"AnvilGuardCityPostNight02"	10	1	0		1	10	1	0
"0x0004EFFC"	"AnvilGuardCityPostNight03"	10	1	0		1	10	1	0
"0x0000A0AE"	"AnvilGuardCityPostStablesDay"	10	1	0		1	10	1	0
"0x0000A0AF"	"AnvilGuardCityPostStablesNight"	10	1	0		1	10	1	0
"0x0000C0F3"	"AnvilGuardEscortCountess"	10	1	0		1	10	1	0
"0x0000BE50"	"AnvilGuardJailorDay"	5	1	0		1	5	1	0
"0x0000BE55"	"AnvilGuardJailorNight"	5	1	0		1	5	1	0
"0x000AED40"	"ArenaFan1"	-6	1	0		1	-6	0	0
"0x000A713B"	"ArenaHopeful1"	0	1	0		1	0	0	0
"0x000A713C"	"ArenaHopeful2"	0	1	0		1	0	0	0
"0x0014683C"	"ArenaICBlueTeamGladiator"	5	1	0		1	5	0	0
"0x0014683D"	"ArenaICYellowTeamChampion"	5	1	0		1	5	0	0
"0x00046653"	"ArenaMouth"	5	1	0		1	5	0	0
"0x0002A2B1"	"ArenaRank0A"	2	1	0		1	2	0	0
"0x0002A2AE"	"ArenaRank0B"	2	1	0		1	2	1	0
"0x0002A2B3"	"ArenaRank0C"	2	1	0		1	2	1	0
"0x00029231"	"ArenaRank1A"	3	1	0		1	3	0	0
"0x00029233"	"ArenaRank1B"	2	1	0		1	2	0	0
"0x00029232"	"ArenaRank1C"	2	1	0		1	2	0	0
"0x00029234"	"ArenaRank1D"	3	1	0		1	3	0	0
"0x00029908"	"ArenaRank2A"	2	1	0		1	2	0	0
"0x00029909"	"ArenaRank2B"	2	1	0		1	2	0	0
"0x0002990A"	"ArenaRank2C"	2	1	0		1	2	0	0
"0x00029910"	"ArenaRank3A"	3	1	0		1	3	0	0
"0x00029911"	"ArenaRank3B"	3	1	0		1	3	0	0
"0x00029912"	"ArenaRank3C"	3	1	0		1	3	0	0
"0x00029938"	"ArenaRank4A"	4	1	0		1	4	0	0
"0x00029939"	"ArenaRank4B"	5	1	0		1	5	0	0
"0x00029944"	"ArenaRank4C"	4	1	0		1	4	0	0
"0x00029945"	"ArenaRank5A"	6	1	0		1	6	1	0
"0x00029946"	"ArenaRank5B"	6	1	0		1	6	0	0
"0x00029947"	"ArenaRank5C"	6	1	0		1	6	0	0
"0x00029948"	"ArenaRank5D"	6	1	0		1	6	0	0
"0x0002994E"	"ArenaRank5E"	5	1	0		1	5	0	0
"0x00029968"	"ArenaRank6A"	7	1	0		1	7	0	0
"0x00029969"	"ArenaRank6B"	6	1	0		1	6	1	0
"0x0002996C"	"ArenaRank6C"	3	1	0		1	3	0	0
"0x0002996B"	"ArenaRank6D"	7	1	0		1	7	0	0
"0x0002996D"	"ArenaRank6E"	4	1	0		1	4	0	0
"0x0002FD6E"	"ArielleJurard"	4	1	0		1	4	0	0
"0x0001EC12"	"Arkved"	10	1	0		1	10	0	0
"0x00035ECD"	"ArnoraAuria"	3	1	0		1	3	0	0
"0x000234AA"	"ArrianaValga"	0	1	0		1	0	0	0
"0x00035A18"	"Arterion"	-1	1	0		1	-1	0	0
"0x0003571D"	"ArvenaThelas"	1	1	0		1	1	1	0
"0x0001ECC9"	"ArvinDalvilu"	1	1	0		1	1	0	0
"0x00009C39"	"Ashanta"	1	1	0		1	1	0	0
"0x00059D2F"	"Astante"	1	1	0		1	1	0	0
"0x00026D9A"	"AudensAvidius"	8	1	0		1	8	0	0
"0x0008521C"	"Ayisha"	-1	1	0		1	-1	0	0
"0x00026B7B"	"AymarDouar"	1	1	0		1	1	0	0
"0x0002C623"	"AzaniBlackheart"	25	1	0		1	25	1	0
"0x0003FD71"	"BWCGuard1"	1	1	0		1	1	0	0
"0x0003FD72"	"BWCGuard2"	1	1	0		1	1	1	0
"0x00001734"	"BWCWatersEdge1"	1	1	0		1	1	0	0
"0x00098176"	"BWCWatersEdge2"	1	1	0		1	1	0	0
"0x00098177"	"BWCWatersEdge3"	1	1	0		1	1	0	0
"0x0000A28C"	"Baeralorn"	20	1	0		1	20	1	0
"0x01022FA8"	"BanditAmazonBigBoss"	6	1	0
"0x01022FA7"	"BanditAmazonBossFemale1"	3	1	0
"0x01022FA6"	"BanditAmazonBossFemale2"	2	1	0
"0x01022FA5"	"BanditAmazonBossFemale3"	1	1	0
"0x01022FA4"	"BanditAmazonMeleeFemale2"	0	1	0
"0x01022FA3"	"BanditAmazonMeleeFemale3A"	-1	1	0
"0x01022FA2"	"BanditAmazonMeleeFemale3B"	-1	1	0
"0x01022FA1"	"BanditAmazonMeleeFemale4A"	-2	1	0
"0x01022FA0"	"BanditAmazonMeleeFemale4B"	-2	1	0
"0x01022F9F"	"BanditAmazonMissileFemale2"	0	1	0
"0x01022F9E"	"BanditAmazonMissileFemale3A"	-1	1	0
"0x01022F9D"	"BanditAmazonMissileFemale3B"	-1	1	0
"0x01022F9C"	"BanditAmazonMissileFemale4A"	-2	1	0
"0x01022F9B"	"BanditAmazonMissileFemale4B"	-3	1	0
"0x01022F9A"	"BanditAmazonWizardFemale3A"	0	1	0
"0x01022F99"	"BanditAmazonWizardFemale4A"	-1	1	0
"0x01022FA9"	"BanditAmazonWizardFemale5A"	-3	1	0
"0x000908B6"	"BanditBlackBowBoss4Female1"	4	1	0		1	4	0	0
"0x000908B7"	"BanditBlackBowBoss4Female2"	4	1	0		1	4	0	0
"0x000908B8"	"BanditBlackBowBoss4Female3"	4	1	0		1	4	0	0
"0x000908B9"	"BanditBlackBowBoss4Male1"	4	1	0		1	4	0	0
"0x000908BA"	"BanditBlackBowBoss4Male2"	4	1	0		1	4	0	0
"0x000908BB"	"BanditBlackBowBoss4Male3"	4	1	0		1	4	0	0
"0x000908AC"	"BanditBlackBowFemale1"	-1	1	0		1	-1	0	0
"0x000908AF"	"BanditBlackBowFemale2"	-1	1	0		1	-1	0	0
"0x000908B0"	"BanditBlackBowFemale3"	-1	1	0		1	-1	0	0
"0x000908B1"	"BanditBlackBowFemale4"	-1	1	0		1	-1	0	0
"0x000908B2"	"BanditBlackBowMale1"	-1	1	0		1	-1	0	0
"0x000908B3"	"BanditBlackBowMale2"	-1	1	0		1	-1	0	0
"0x000908B4"	"BanditBlackBowMale3"	-1	1	0		1	-1	0	0
"0x000908B5"	"BanditBlackBowMale4"	-1	1	0		1	-1	0	0
"0x0003DC27"	"BanditBossFemale1"	1	1	0		1	1	1	0
"0x0003DC28"	"BanditBossFemale2"	1	1	0		1	1	1	0
"0x0003DC29"	"BanditBossFemale3"	1	1	0		1	1	1	0
"0x0003DC24"	"BanditBossMale1TEMPLATE"	1	1	0		1	1	1	0
"0x0003DC25"	"BanditBossMale2"	1	1	0		1	1	1	0
"0x0003DC26"	"BanditBossMale3"	1	1	0		1	1	1	0
"0x00094048"	"BanditCampTEMPLATE"	-1	1	0		1	-1	1	0
"0x000C5227"	"BanditHighwayman01"	2	5	0		1	2	5	0
"0x000C5228"	"BanditHighwayman02"	2	4	0		1	2	4	0
"0x000C5229"	"BanditHighwayman03"	2	4	0		1	2	4	0
"0x000C522A"	"BanditHighwayman04"	2	4	0		1	2	4	0
"0x0003DB33"	"BanditMeleeFemale2"	-1	1	0		1	-1	1	0
"0x0003DB34"	"BanditMeleeFemale3A"	-2	1	0		1	-2	1	0
"0x0003DB35"	"BanditMeleeFemale3B"	-2	1	0		1	-2	1	0
"0x0003DB31"	"BanditMeleeFemale4A"	-3	1	0		1	-3	1	0
"0x00069AD5"	"BanditMeleeFemale4B"	-3	1	0		1	-3	1	0
"0x0003DB2B"	"BanditMeleeMale2"	-1	1	0		1	-1	1	0
"0x0003DB2F"	"BanditMeleeMale3A"	-2	1	0		1	-2	1	0
"0x0003DB2D"	"BanditMeleeMale3B"	-2	1	0		1	-2	1	0
"0x0003DB27"	"BanditMeleeMale4A"	-3	1	0		1	-3	1	0
"0x00069AD1"	"BanditMeleeMale4B"	-3	1	0		1	-3	1	0
"0x0003DC43"	"BanditMissileFemale2"	-1	1	0		1	-1	1	0
"0x0003DC45"	"BanditMissileFemale3A"	-2	1	0		1	-2	1	0
"0x0003DC44"	"BanditMissileFemale3B"	-2	1	0		1	-2	1	0
"0x0003DC42"	"BanditMissileFemale4A"	-3	1	0		1	-3	1	0
"0x00069AD2"	"BanditMissileFemale4B"	-3	1	0		1	-3	1	0
"0x0003DC47"	"BanditMissileMale2"	-1	1	0		1	-1	1	0
"0x0003DC23"	"BanditMissileMale3A"	-2	1	0		1	-2	1	0
"0x0003DC46"	"BanditMissileMale3B"	-2	1	0		1	-2	1	0
"0x0003DC48"	"BanditMissileMale4A"	-3	1	0		1	-3	1	0
"0x00069AD3"	"BanditMissileMale4B"	-3	1	0		1	-3	1	0
"0x000A348F"	"BanditRobberTEMPLATE"	-1	1	0		1	-1	1	0
"0x0003DC57"	"BanditWizardFemale3A"	-2	1	0		1	-2	1	0
"0x0003DC58"	"BanditWizardFemale4A"	-3	1	0		1	-3	1	0
"0x0003DC56"	"BanditWizardMale2"	-1	1	0		1	-1	1	0
"0x0003DC55"	"BanditWizardMale3B"	-2	1	0		1	-2	1	0
"0x00069AD4"	"BanditWizardMale4B"	-3	1	0		1	-3	1	0
"0x0001EC0E"	"BasilErnarde"	1	1	0		1	1	0	0
"0x000034DD"	"BazurgroGharz"	5	1	0		1	5	0	0
"0x00026ADA"	"Beewos"	1	1	0		1	1	1	0
"0x0001ECCF"	"Beirir"	1	1	0		1	1	0	0
"0x00034E84"	"Bejeen"	0	1	0		1	0	0	0
"0x00037572"	"Belisarius"	0	10	0		1	0	10	20
"0x000091F5"	"BieneAmelion"	-1	1	0		1	-1	0	0
"0x000234A7"	"BittneldtheCurseBringer"	10	1	0		1	10	1	0
"0x00185FE3"	"BjalfitheContemptible"	0	1	0		1	0	1	0
"0x0008595A"	"BlackBrugo"	4	1	0		1	4	0	0
"0x000CA18F"	"BlackRockPirate01"	1	3	99		1	1	3	99
"0x010308CB"	"BlackRockPirate01b"	1	3	99
"0x010308CD"	"BlackRockPirate01c"	1	3	99
"0x000CA190"	"BlackRockPirate02"	1	2	99		1	1	2	99
"0x000CA18D"	"BlackRockPirate03"	1	2	99		1	1	2	99
"0x000CA18E"	"BlackRockPirate04"	4	4	99		1	4	4	99
"0x000A3164"	"Blade1"	2	15	0		1	2	15	25
"0x000A3162"	"Blade2"	2	15	0		1	2	15	25
"0x000A3163"	"Blade3"	2	15	0		1	2	15	25
"0x000A3165"	"Blade4"	2	15	0		1	2	15	25
"0x000A3166"	"Blade5"	2	15	0		1	2	15	25
"0x000A3167"	"Blade6"	2	15	0		1	2	15	25
"0x0001EC4A"	"BleakMineGuard"	3	1	0		1	3	1	0
"0x0001EC4B"	"BleakMineGuardCaptain"	5	1	0		1	5	1	0
"0x0001EC4C"	"BleakMineGuardCaptain2"	5	1	0		1	5	1	0
"0x00016483"	"BolorSavel"	3	1	0		1	3	1	0
"0x00098252"	"Boroneth"	1	1	0		1	1	0	0
"0x00027F95"	"BragGroBharg"	1	1	0		1	1	0	0
"0x000982FA"	"BravilGuardCastlePatrolDay01"	10	1	0		1	10	1	0
"0x000982FB"	"BravilGuardCastlePatrolNight01"	10	1	0		1	10	1	0
"0x0000A137"	"BravilGuardCastlePostDay01"	10	1	0		1	10	1	0
"0x0000A13A"	"BravilGuardCastlePostDay02"	10	1	0		1	10	1	0
"0x0004EFFD"	"BravilGuardCastlePostDay03"	10	1	0		1	10	1	0
"0x0000A13F"	"BravilGuardCastlePostNight01"	10	1	0		1	10	0	0
"0x0000A140"	"BravilGuardCastlePostNight02"	10	1	0		1	10	0	0
"0x0004EFFE"	"BravilGuardCastlePostNight03"	10	1	0		1	10	0	0
"0x0000A143"	"BravilGuardCityPatrolDay01"	10	1	0		1	10	1	0
"0x0000A15B"	"BravilGuardCityPatrolNight01"	10	1	0		1	10	1	0
"0x0000A168"	"BravilGuardCityPostDay01"	10	1	0		1	10	1	0
"0x0000A152"	"BravilGuardCityPostDay02"	10	1	0		1	10	1	0
"0x0000A156"	"BravilGuardCityPostDay03"	10	1	0		1	10	1	0
"0x0000A169"	"BravilGuardCityPostNight01"	10	1	0		1	10	1	0
"0x0000A15D"	"BravilGuardCityPostNight02"	10	1	0		1	10	1	0
"0x0000A15E"	"BravilGuardCityPostNight03"	10	1	0		1	10	1	0
"0x0000A0B0"	"BravilGuardCityPostStablesDay"	10	1	0		1	10	1	0
"0x0000A0B1"	"BravilGuardCityPostStablesNight"	10	1	0		1	10	1	0
"0x0000A188"	"BravilGuardEscortCount"	10	1	0		1	10	1	0
"0x0000A17D"	"BravilGuardJailorDay"	5	1	0		1	5	1	0
"0x0000A17E"	"BravilGuardJailorNight"	5	1	0		1	5	1	0
"0x00031BC7"	"BremmanSenyan"	1	1	0		1	1	0	0
"0x0001C166"	"BrittaInvel"	1	1	0		1	1	1	0
"0x000477DB"	"BronsilaKvinchal"	5	1	0		1	5	0	0
"0x000223AD"	"BrotherPiner"	0	3	0		1	0	3	12
"0x0002AF42"	"BrucetusFestinius"	0	1	0		1	0	0	0
"0x000362E8"	"BrumaGuardCastlePostDay01"	10	1	0		1	10	0	0
"0x000362E9"	"BrumaGuardCastlePostDay02"	10	1	0		1	10	0	0
"0x000362EA"	"BrumaGuardCastlePostNight01"	10	1	0		1	10	0	0
"0x000362EB"	"BrumaGuardCastlePostNight02"	10	1	0		1	10	0	0
"0x000362B7"	"BrumaGuardCityPatrolDay01"	10	1	0		1	10	1	0
"0x000362BD"	"BrumaGuardCityPatrolDay02"	10	1	0		1	10	1	0
"0x000362C9"	"BrumaGuardCityPatrolNight01"	10	1	0		1	10	1	0
"0x000362CA"	"BrumaGuardCityPatrolNight02"	10	1	0		1	10	1	0
"0x000362A7"	"BrumaGuardCityPostDay01"	10	1	0		1	10	1	0
"0x000362AD"	"BrumaGuardCityPostDay02"	10	1	0		1	10	1	0
"0x000C87B2"	"BrumaGuardCityPostDay03"	10	1	0		1	10	1	0
"0x000C87B4"	"BrumaGuardCityPostDay04"	10	1	0		1	10	1	0
"0x000362B0"	"BrumaGuardCityPostNight01"	10	1	0		1	10	1	0
"0x000362B1"	"BrumaGuardCityPostNight02"	10	1	0		1	10	1	0
"0x000C87B3"	"BrumaGuardCityPostNight03"	10	1	0		1	10	1	0
"0x000C87B5"	"BrumaGuardCityPostNight04"	10	1	0		1	10	1	0
"0x0000A0B2"	"BrumaGuardCityPostStablesDay"	10	1	0		1	10	1	0
"0x0000A0B3"	"BrumaGuardCityPostStablesNight"	10	1	0		1	10	1	0
"0x000362EE"	"BrumaGuardEscortCountess"	10	1	0		1	10	1	0
"0x000362ED"	"BrumaGuardJailorDay"	5	1	0		1	5	1	0
"0x000362EC"	"BrumaGuardJailorNight"	5	1	0		1	5	1	0
"0x0005D517"	"BrusciusLongus"	1	1	0		1	1	1	0
"0x0009786B"	"BurMeema"	1	1	0		1	1	0	0
"0x00035EBE"	"Burd"	5	10	0		1	5	10	0
"0x00030FD9"	"CaeliaDraconis"	1	1	0		1	1	1	0
"0x00073279"	"Caenlin"	1	1	0		1	1	0	0
"0x0002DC08"	"Caminalda"	4	1	0		1	4	1	0
"0x000243C8"	"CandiceCorgine"	1	1	0		1	1	1	0
"0x00094BE8"	"CaptainBaszonePatneim"	2	1	0		1	2	0	0
"0x00037F73"	"CariusRunellius"	10	1	0		1	10	0	0
"0x00035C83"	"CarmaloTruiand"	10	1	0		1	10	0	0
"0x00037575"	"Caroline"	0	10	0		1	0	10	20
"0x000039AE"	"Carsten"	2	1	0		1	2	0	0
"0x000A9487"	"CastaFlavus"	20	1	0		1	20	0	0
"0x000055D2"	"CheydinhalGuardCastlePatrolDay01"	10	1	0		1	10	0	0
"0x000055D3"	"CheydinhalGuardCastlePatrolNight01"	10	1	0		1	10	0	0
"0x000055C2"	"CheydinhalGuardCastlePostDay01"	10	1	0		1	10	0	0
"0x000055C3"	"CheydinhalGuardCastlePostDay02"	10	1	0		1	10	0	0
"0x000055C4"	"CheydinhalGuardCastlePostNight01"	10	1	0		1	10	0	0
"0x000055C5"	"CheydinhalGuardCastlePostNight02"	10	1	0		1	10	0	0
"0x000055C6"	"CheydinhalGuardCityPatrolDay01"	10	1	0		1	10	1	0
"0x000055C7"	"CheydinhalGuardCityPatrolDay02"	10	1	0		1	10	1	0
"0x000055C8"	"CheydinhalGuardCityPatrolNight01"	10	1	0		1	10	1	0
"0x000055C9"	"CheydinhalGuardCityPatrolNight02"	10	1	0		1	10	1	0
"0x000055CA"	"CheydinhalGuardCityPostDay01"	10	1	0		1	10	1	0
"0x000055CB"	"CheydinhalGuardCityPostDay02"	10	1	0		1	10	1	0
"0x0004EF69"	"CheydinhalGuardCityPostDay03"	10	1	0		1	10	1	0
"0x0004EFF9"	"CheydinhalGuardCityPostDay04"	10	1	0		1	10	1	0
"0x000055CC"	"CheydinhalGuardCityPostNight01"	10	1	0		1	10	1	0
"0x000055CD"	"CheydinhalGuardCityPostNight02"	10	1	0		1	10	1	0
"0x0004EF6F"	"CheydinhalGuardCityPostNight03"	10	1	0		1	10	1	0
"0x0004EFFA"	"CheydinhalGuardCityPostNight04"	10	1	0		1	10	1	0
"0x0000A0B4"	"CheydinhalGuardCityPostStablesDay"	10	1	0		1	10	1	0
"0x0000A0B5"	"CheydinhalGuardCityPostStablesNight"	10	1	0		1	10	1	0
"0x000055D4"	"CheydinhalGuardCountEscort"	10	1	0		1	10	1	0
"0x000055D5"	"CheydinhalGuardJailorDay"	5	1	0		1	5	1	0
"0x000055D6"	"CheydinhalGuardJailorNight"	5	1	0		1	5	1	0
"0x000234A9"	"ChorrolGuardCountess"	10	1	0		1	10	1	0
"0x000234A6"	"ChorrolGuardGreatHallDay01"	10	1	0		1	10	0	0
"0x000234A5"	"ChorrolGuardGreatHallNight01"	10	1	0		1	10	0	0
"0x00028C7F"	"ChorrolGuardJailorDay"	5	1	0		1	5	1	0
"0x00028C80"	"ChorrolGuardJailorNight"	5	1	0		1	5	1	0
"0x000233EC"	"ChorrolGuardPatrolDay01"	10	1	0		1	10	1	0
"0x000231AA"	"ChorrolGuardPatrolDay02"	10	1	0		1	10	1	0
"0x00023189"	"ChorrolGuardPatrolDay03"	10	1	0		1	10	1	0
"0x00022584"	"ChorrolGuardPatrolNight01"	10	1	0		1	10	1	0
"0x00022583"	"ChorrolGuardPatrolNight02"	10	1	0		1	10	1	0
"0x0002253D"	"ChorrolGuardPatrolNight03"	10	1	0		1	10	1	0
"0x0002ACC3"	"ChorrolGuardPostDay01"	10	1	0		1	10	1	0
"0x00022586"	"ChorrolGuardPostDay02"	10	1	0		1	10	1	0
"0x00022587"	"ChorrolGuardPostDay03"	10	1	0		1	10	1	0
"0x000222BB"	"ChorrolGuardPostNight01"	10	1	0		1	10	1	0
"0x000222C0"	"ChorrolGuardPostNight02"	10	1	0		1	10	1	0
"0x0002ACC4"	"ChorrolGuardPostNight03"	10	1	0		1	10	1	0
"0x0000A0B6"	"ChorrolGuardPostStablesDay"	10	1	0		1	10	1	0
"0x0000A0B7"	"ChorrolGuardPostStablesNight"	10	1	0		1	10	1	0
"0x00088D28"	"ChorrolGuardPrivateQuarters01"	10	1	0		1	10	0	0
"0x00088D29"	"ChorrolGuardPrivateQuarters02"	10	1	0		1	10	0	0
"0x00088D2A"	"ChorrolGuardPrivateQuarters03"	10	1	0		1	10	0	0
"0x0001ECD8"	"Ciindil"	1	1	0		1	1	0	0
"0x00002E95"	"Cingaer"	1	1	0		1	1	1	0
"0x000738DC"	"ClarabellaPirate1"	2	1	0		1	2	0	0
"0x000738DD"	"ClarabellaPirate2"	2	1	0		1	2	0	0
"0x000738DE"	"ClarabellaPirate3"	2	1	0		1	2	0	0
"0x0002AF05"	"ClaudeMaric"	2	1	0		1	2	0	0
"0x0004B940"	"ConjurerBossFemaleBreton"	0	1	0		1	0	1	0
"0x0004B941"	"ConjurerBossFemaleHighElf"	0	1	0		1	0	1	0
"0x0004B943"	"ConjurerBossMaleBreton"	0	1	0		1	0	1	0
"0x0004B942"	"ConjurerBossMaleHighElf"	0	1	0		1	0	1	0
"0x0004B92B"	"ConjurerFemaleBreton3"	-3	1	0		1	-3	1	0
"0x00069ADB"	"ConjurerFemaleBreton4"	-4	1	0		1	-4	1	0
"0x0004B92C"	"ConjurerFemaleHighElf2"	-2	1	0		1	-2	1	0
"0x0004B92E"	"ConjurerFemaleHighElf3"	-3	1	0		1	-3	1	0
"0x0004B92D"	"ConjurerFemaleHighElf4"	-4	1	0		1	-4	1	0
"0x0004B929"	"ConjurerMaleBreton2"	-2	1	0		1	-2	1	0
"0x0004B928"	"ConjurerMaleBreton3"	-3	1	0		1	-3	1	0
"0x00069ADA"	"ConjurerMaleBreton4"	-4	1	0		1	-4	1	0
"0x0004B92A"	"ConjurerMaleHighElf3"	-3	1	0		1	-3	1	0
"0x0004B909"	"ConjurerMaleHighElf4"	-4	1	0		1	-4	1	0
"0x010234A0"	"ConjurerZGuardianBossFemaleBreton"	3	1	0
"0x0102349F"	"ConjurerZGuardianBossFemaleHighElf"	2	1	0
"0x0102349E"	"ConjurerZGuardianBossMaleBreton"	2	1	0
"0x0102349D"	"ConjurerZGuardianBossMaleHighElf"	3	1	0
"0x010234A6"	"ConjurerZGuardianBossyLady"	6	1	0
"0x01022FB6"	"ConjurerZGuardianFemaleBreton3"	-1	1	0
"0x01022FB5"	"ConjurerZGuardianFemaleBreton4"	-2	1	0
"0x01022FB4"	"ConjurerZGuardianFemaleHighElf2"	0	1	0
"0x01022FB3"	"ConjurerZGuardianFemaleHighElf3"	-1	1	0
"0x01022FB2"	"ConjurerZGuardianFemaleHighElf4"	-2	1	0
"0x01022FB1"	"ConjurerZGuardianMaleBreton2"	0	1	0
"0x01022FB0"	"ConjurerZGuardianMaleBreton3"	-1	1	0
"0x01022FAF"	"ConjurerZGuardianMaleBreton4"	-2	1	0
"0x01022FAE"	"ConjurerZGuardianMaleHighElf3"	-1	1	0
"0x01022FAD"	"ConjurerZGuardianMaleHighElf4"	-2	1	0
"0x00189D01"	"CorrickNorthwode"	-2	1	0		1	-2	1	0
"0x000BE330"	"Courier1"	1	1	0		1	1	0	0
"0x000BE33D"	"Courier2"	1	1	0		1	1	0	0
"0x000BE340"	"Courier3"	1	1	0		1	1	0	0
"0x000BE341"	"Courier4"	1	1	0		1	1	0	0
"0x000947BB"	"CylbenDolovas"	1	1	0		1	1	1	0
"0x00037574"	"Cyrus"	0	10	0		1	0	10	20
"0x00098255"	"DAAzuraVAmpire02"	-2	1	0		1	-2	1	0
"0x00098254"	"DAAzuraVampire01"	3	1	0		1	3	1	0
"0x00098256"	"DAAzuraVampire03"	0	1	0		1	0	0	0
"0x00098257"	"DAAzuraVampire04"	-2	1	0		1	-2	0	0
"0x00098258"	"DAAzuraVampire05"	0	1	0		1	0	0	0
"0x000A2ADD"	"DABoethiaChosen01"	0	1	0		1	0	1	0
"0x000A2ADE"	"DABoethiaChosen02"	0	1	0		1	0	1	0
"0x000A2ADF"	"DABoethiaChosen03"	0	1	0		1	0	1	0
"0x000A2AE0"	"DABoethiaChosen04"	0	1	0		1	0	1	0
"0x000A2AE1"	"DABoethiaChosen05"	0	1	0		1	0	1	0
"0x000A2AE2"	"DABoethiaChosen06"	0	1	0		1	0	1	0
"0x000A2AE3"	"DABoethiaChosen07"	0	1	0		1	0	1	0
"0x000A2AE4"	"DABoethiaChosen08"	0	1	0		1	0	1	0
"0x000A2AE5"	"DABoethiaChosen09"	0	1	0		1	0	1	0
"0x000A2AE6"	"DABoethiaChosen10"	0	1	0		1	0	1	0
"0x0001EC02"	"DAMeridiaNecromancer1"	5	1	0		1	5	0	0
"0x0001EC03"	"DAMeridiaNecromancer2"	5	1	0		1	5	1	0
"0x0001EC04"	"DAMeridiaNecromancer3"	5	1	0		1	5	0	0
"0x0001EC05"	"DAMeridiaNecromancer4"	5	1	0		1	5	1	0
"0x0001EC06"	"DAMeridiaNecromancer5"	5	1	0		1	5	0	0
"0x0001CEA1"	"DANamiraForgotten1"	3	1	0		1	3	0	0
"0x0005DC98"	"DANamiraForgotten1a"	3	1	0		1	3	0	0
"0x0005DC99"	"DANamiraForgotten1b"	3	1	0		1	3	0	0
"0x0001CEAB"	"DANamiraForgotten2"	3	1	0		1	3	0	0
"0x0005DC9C"	"DANamiraForgotten2a"	3	1	0		1	3	0	0
"0x0005DC9D"	"DANamiraForgotten2b"	3	1	0		1	3	0	0
"0x0001CEAC"	"DANamiraForgotten3"	3	1	0		1	3	0	0
"0x0005DCA0"	"DANamiraForgotten3a"	3	1	0		1	3	0	0
"0x0005DCA1"	"DANamiraForgotten3b"	3	1	0		1	3	0	0
"0x0001CEAD"	"DANamiraForgotten4"	3	1	0		1	3	0	0
"0x0005DCA4"	"DANamiraForgotten4a"	3	1	0		1	3	0	0
"0x0005DCA5"	"DANamiraForgotten4b"	3	1	0		1	3	0	0
"0x0001CE9F"	"DANamiraPriest1"	1	1	0		1	1	0	0
"0x0001CEA8"	"DANamiraPriest2"	1	1	0		1	1	0	0
"0x0001CEA9"	"DANamiraPriest3"	1	1	0		1	1	0	0
"0x0001CEAA"	"DANamiraPriest4"	1	1	0		1	1	0	0
"0x00028FB9"	"DanusArtellian"	10	1	0		1	10	0	0
"0x0007BA7F"	"Dark07MercenaryFemale4"	-4	1	0		1	-4	1	0
"0x0007BA7D"	"Dark07MercenaryFemale8"	-8	1	0		1	-8	1	0
"0x0007BA7C"	"Dark07MercenaryMale10"	-10	1	0		1	-10	1	0
"0x0007BA80"	"Dark07MercenaryMale2"	-2	1	0		1	-2	1	0
"0x0007BA7E"	"Dark07MercenaryMale6"	-6	1	0		1	-6	1	0
"0x000C7944"	"Dark07MercenaryTEMPLATE"	-2	1	0		1	-2	1	0
"0x00035DFB"	"Dark09CeremonyGuard"	10	1	0		1	10	0	0
"0x00035DFD"	"Dark09CeremonyGuard2"	10	1	0		1	10	0	0
"0x000837CF"	"Dark09Gwendolyn"	0	1	0		1	0	0	0
"0x001778DC"	"Dark09PhillidaBodyguard"	10	1	0		1	10	0	0
"0x00086753"	"Dark19Murderer1"	-2	1	0		1	-2	1	0
"0x00086755"	"Dark19Murderer3"	-2	1	0		1	-2	1	0
"0x00048968"	"DarkDoorSpeakNPC"	1	1	0		1	1	0	0
"0x00048962"	"DarkFirstMate"	2	1	0		1	2	0	0
"0x0002AE7B"	"DarkPirate1"	0	1	0		1	0	0	0
"0x0002AE7C"	"DarkPirate2"	0	1	0		1	0	0	0
"0x0002AE7D"	"DarkPirate3"	0	1	0		1	0	0	0
"0x000493AE"	"DarkPirate4"	0	1	0		1	0	0	0
"0x00049880"	"DarkPirate5"	0	1	0		1	0	0	0
"0x00049882"	"DarkPirate6"	0	1	0		1	0	0	0
"0x00034E8B"	"DecentiusOpsius"	10	1	0		1	10	0	0
"0x000514C5"	"DeetumJa"	1	1	0		1	1	0	0
"0x00035F52"	"Denel"	-1	1	0		1	-1	0	0
"0x00002E9B"	"Dennilwen"	1	1	0		1	1	1	0
"0x00028FB2"	"Dion"	10	1	0		1	10	1	0
"0x00035728"	"DranasLerano"	1	1	0		1	1	0	0
"0x0000BEA7"	"DraranaThelis"	2	1	0		1	2	0	0
"0x0001ECD6"	"DredenaHlavel"	1	1	0		1	1	0	0
"0x00009C3A"	"DreetLai"	1	1	0		1	1	0	0
"0x0000A093"	"DrelsTheran"	0	1	0		1	0	0	0
"0x00092DA0"	"Dremora0ChurlMelee1"	-1	1	3		1	-1	1	3
"0x00092DA1"	"Dremora0ChurlMelee2"	-1	1	3		1	-1	1	3
"0x00092DA2"	"Dremora0ChurlMelee3"	-1	1	3		1	-1	1	3
"0x00000FCC"	"Dremora0ChurlMeleeNOSUMMON"	-1	1	3		1	-1	1	3
"0x00014692"	"Dremora0ChurlMissile1"	-1	1	3		1	-1	1	3
"0x00014693"	"Dremora0ChurlMissile2"	-1	1	3		1	-1	1	3
"0x00014694"	"Dremora0ChurlMissile3"	-1	1	3		1	-1	1	3
"0x00000FCD"	"Dremora0ChurlMissileNOSUMMON"	-1	1	3		1	-1	1	3
"0x00092D9E"	"Dremora5MarkynazMage"	-3	19	0		1	-3	19	0
"0x00000FDB"	"Dremora5MarkynazMageNOSUMMON"	-3	19	0		1	-3	19	0
"0x0003EE79"	"Dremora5MarkynazMelee1"	-3	19	0		1	-3	19	0
"0x0003EE7A"	"Dremora5MarkynazMelee2"	-3	19	0		1	-3	19	0
"0x0004738D"	"Dremora5MarkynazMelee3"	-3	19	0		1	-3	19	0
"0x00000FDC"	"Dremora5MarkynazMeleeNOSUMMON"	-3	19	0		1	-3	19	0
"0x000146C0"	"Dremora5MarkynazMissile1"	-3	19	0		1	-3	19	0
"0x000146C1"	"Dremora5MarkynazMissile2"	-3	19	0		1	-3	19	0
"0x000146C5"	"Dremora5MarkynazMissile3"	-3	19	0		1	-3	19	0
"0x00000FDD"	"Dremora5MarkynazMissileNOSUMMON"	-3	19	0		1	-3	19	0
"0x00092D9F"	"Dremora6ValkynazMage"	0	22	99		1	0	22	99
"0x00000FDF"	"Dremora6ValkynazMageNOSUMMON"	0	22	99		1	0	22	99
"0x0003E9CA"	"Dremora6ValkynazMelee1"	0	22	99		1	0	22	99
"0x0003EE7B"	"Dremora6ValkynazMelee2"	0	22	99		1	0	22	99
"0x0004738E"	"Dremora6ValkynazMelee3"	0	22	99		1	0	22	99
"0x00000FC8"	"Dremora6ValkynazMeleeNOSUMMON"	0	22	99		1	0	22	99
"0x000146C9"	"Dremora6ValkynazMissile1"	0	22	99		1	0	22	99
"0x000146CB"	"Dremora6ValkynazMissile2"	0	22	99		1	0	22	99
"0x000146CC"	"Dremora6ValkynazMissile3"	0	22	99		1	0	22	99
"0x00000FC9"	"Dremora6ValkynazMissileNOSUMMON"	0	22	99		1	0	22	99
"0x00014D5F"	"DremoraBossHatredKeeper01"	2	1	0		1	2	1	0
"0x00014D61"	"DremoraBossHatredKeeper02"	2	1	0		1	2	1	0
"0x0002C7C5"	"DubokgroShagk"	5	1	0		1	5	0	0
"0x000034D4"	"DulfishgroOrum"	5	1	0		1	5	0	0
"0x000224E2"	"Earana"	5	1	0		1	5	0	0
"0x00003435"	"ElanteofAlinor"	3	1	0		1	3	0	0
"0x000352B3"	"Eletta"	1	1	0		1	1	0	0
"0x00027F93"	"Elidor"	1	1	0		1	1	0	0
"0x00028F96"	"ElseGodHater"	0	1	0		1	0	0	0
"0x0006FDB6"	"EmilChorrolGuardTest"	10	1	0		1	10	0	0
"0x0006FDB4"	"EmilLeyawiinGuardTest"	10	1	0		1	10	0	0
"0x0001C150"	"Engorm"	1	1	0		1	1	1	0
"0x00009C3B"	"Enrion"	3	1	0		1	3	0	0
"0x0001ECB1"	"ErTeeus"	1	1	0		1	1	1	0
"0x0001ECB2"	"ErTeeusSOUL"	1	1	0		1	1	0	0
"0x000039A6"	"Eridor"	1	1	0		1	1	0	0
"0x0002D6E6"	"Erthor"	2	1	0		1	2	0	0
"0x000280C7"	"EtiraMoslin"	0	1	0		1	0	0	0
"0x0014C715"	"EvangelineBeanique"	0	1	0		1	0	0	0
"0x00031BC5"	"FarwilIndarys"	1	1	0		1	1	0	0
"0x0000A090"	"FathisAren"	2	1	0		1	2	0	0
"0x0009700A"	"Faurinthil"	1	1	0		1	1	1	0
"0x0003AA89"	"FaustinaCartia"	0	1	0		1	0	0	0
"0x000738DB"	"FirstMateFilch"	2	1	0		1	2	0	0
"0x000B167D"	"FloydNathans"	1	1	0		1	1	1	0
"0x00031C23"	"GarrusDarelliun"	10	1	0		1	10	1	0
"0x00025299"	"GastonTussaud"	3	1	0		1	3	0	0
"0x00034E7D"	"Geel"	5	1	0		1	5	1	0
"0x00035EBF"	"GerichSenarel"	10	1	0		1	10	0	0
"0x0009828B"	"GhorubgroUgdub"	-1	1	0		1	-1	1	0
"0x0001D24E"	"GilenNorvalo"	0	1	0		1	0	1	0
"0x00037E8D"	"GiovanniCivello"	10	1	0		1	10	1	0
"0x00002E99"	"Githriian"	1	1	0		1	1	1	0
"0x00031317"	"GoblinJim"	0	1	0		1	0	0	0
"0x0003AF03"	"Gogan"	5	1	0		1	5	1	0
"0x0003B3D3"	"GoganGuard"	5	1	0		1	5	0	0
"0x00023E38"	"GogrongroBolmog"	12	1	0		1	12	0	0
"0x000347B2"	"GranthamBlakeley"	0	1	0		1	0	0	0
"0x0001D252"	"GreyThroat"	0	1	0		1	0	1	0
"0x00023E86"	"GuilbertJemane"	0	1	0		1	0	1	0
"0x00026B38"	"GulGroBurbog"	1	1	0		1	1	0	0
"0x00022466"	"Gwinas"	-4	1	0		1	-4	0	0
"0x000280C6"	"HackdirtBrethrenMonster"	-3	1	0		1	-3	0	0
"0x0009FD71"	"HackdirtBrethrenMonsterDarMa"	-1	1	0		1	-1	0	0
"0x000981C2"	"HackdirtBrethrenMonsterPatrol"	-2	1	0		1	-2	0	0
"0x0009FD72"	"HackdirtBrethrenMonsterPatrol2"	-2	1	0		1	-2	0	0
"0x00026B53"	"Haekwon"	1	1	0		1	1	1	0
"0x000B167F"	"HanzgroHubrag"	1	1	0		1	1	1	0
"0x00033905"	"Harrow"	-2	1	0		1	-2	0	0
"0x000301AC"	"HavilsteinHoarBlood"	20	1	0		1	20	1	0
"0x000B1670"	"HearsVoicesInTheAir"	4	1	0		1	4	0	0
"0x0000A29B"	"HeinrichOakenHull"	1	1	0		1	1	0	0
"0x0002CA35"	"Henantier"	2	1	0		1	2	1	0
"0x0002CA37"	"HenantierDream"	2	1	0		1	2	0	0
"0x0002E5C6"	"HerminiaCinna"	2	1	0		1	2	1	0
"0x000234B3"	"HidesHisHeart"	10	1	0		1	10	0	0
"0x0003486E"	"HieronymusLex"	15	1	0		1	15	1	0
"0x000982FC"	"Hjar"	-4	1	0		1	-4	0	0
"0x0001E70C"	"HjolfroditheHarrier"	1	1	0		1	1	1	0
"0x00009C38"	"Hlofgar"	1	1	0		1	1	0	0
"0x000982FE"	"Holger"	-2	1	0		1	-2	0	0
"0x000234B1"	"HomrazgraMorgrump"	-2	1	0		1	-2	0	0
"0x000982FD"	"Hridi"	-4	1	0		1	-4	1	0
"0x0001ECD0"	"HrolUlfgar"	6	1	0		1	6	0	0
"0x00098295"	"HuntingTail"	1	1	0		1	1	0	0
"0x000546F2"	"ICArboretumPatrolDay01"	10	1	0		1	10	1	0
"0x000546FA"	"ICArboretumPatrolDay02"	10	1	0		1	10	1	0
"0x000546FD"	"ICArboretumPatrolNight01"	10	1	0		1	10	1	0
"0x00054702"	"ICArboretumPatrolNight02"	10	1	0		1	10	1	0
"0x000752F2"	"ICArboretumPostDay01"	10	1	0		1	10	1	0
"0x000752F4"	"ICArboretumPostDay02"	10	1	0		1	10	1	0
"0x000752F6"	"ICArboretumPostDay03"	10	1	0		1	10	1	0
"0x000752F9"	"ICArboretumPostDay04"	10	1	0		1	10	1	0
"0x000752F3"	"ICArboretumPostNight01"	10	1	0		1	10	1	0
"0x000752F5"	"ICArboretumPostNight02"	10	1	0		1	10	1	0
"0x000752F7"	"ICArboretumPostNight03"	10	1	0		1	10	1	0
"0x000752F8"	"ICArboretumPostNight04"	10	1	0		1	10	1	0
"0x0009263A"	"ICArcaneUGuardDay01"	10	1	0		1	10	0	0
"0x00092642"	"ICArcaneUGuardDay02"	10	1	0		1	10	0	0
"0x0009263B"	"ICArcaneUGuardNight01"	10	1	0		1	10	0	0
"0x00092643"	"ICArcaneUGuardNight02"	10	1	0		1	10	0	0
"0x000752F1"	"ICArenaPatrolDay01"	10	1	0		1	10	1	0
"0x000837F2"	"ICArenaPatrolNight01"	10	1	0		1	10	1	0
"0x000752EE"	"ICArenaPostDay01"	10	1	0		1	10	1	0
"0x000837F1"	"ICArenaPostDay02"	10	1	0		1	10	1	0
"0x000837F3"	"ICArenaPostDay03"	10	1	0		1	10	1	0
"0x000752EF"	"ICArenaPostNight01"	10	1	0		1	10	1	0
"0x000752F0"	"ICArenaPostNight02"	10	1	0		1	10	1	0
"0x000837F4"	"ICArenaPostNight03"	10	1	0		1	10	1	0
"0x00016341"	"ICElvenGuardPatrolDay01"	10	1	0		1	10	1	0
"0x00016343"	"ICElvenGuardPatrolDay02"	10	1	0		1	10	1	0
"0x00016345"	"ICElvenGuardPatrolDay03"	10	1	0		1	10	1	0
"0x00016347"	"ICElvenGuardPatrolDay04"	10	1	0		1	10	1	0
"0x00016349"	"ICElvenGuardPatrolDay05"	10	1	0		1	10	1	0
"0x00016342"	"ICElvenGuardPatrolNight01"	10	1	0		1	10	1	0
"0x00016344"	"ICElvenGuardPatrolNight02"	10	1	0		1	10	1	0
"0x00016346"	"ICElvenGuardPatrolNight03"	10	1	0		1	10	1	0
"0x00016348"	"ICElvenGuardPatrolNight04"	10	1	0		1	10	1	0
"0x0001634A"	"ICElvenGuardPatrolNight05"	10	1	0		1	10	1	0
"0x0001633B"	"ICElvenGuardPostDay01"	10	1	0		1	10	1	0
"0x0001633C"	"ICElvenGuardPostDay02"	10	1	0		1	10	1	0
"0x0001633D"	"ICElvenGuardPostDay03"	10	1	0		1	10	1	0
"0x0001633E"	"ICElvenGuardPostNight01"	10	1	0		1	10	1	0
"0x0001633F"	"ICElvenGuardPostNight02"	10	1	0		1	10	1	0
"0x00016340"	"ICElvenGuardPostNight03"	10	1	0		1	10	1	0
"0x0001C321"	"ICMarketGuardPatrolDay01"	10	1	0		1	10	1	0
"0x0001C32B"	"ICMarketGuardPatrolNight01"	10	1	0		1	10	1	0
"0x0001C347"	"ICMarketGuardPostDay01"	10	1	0		1	10	1	0
"0x0001C349"	"ICMarketGuardPostDay02"	10	1	0		1	10	1	0
"0x0001C34A"	"ICMarketGuardPostDay03"	10	1	0		1	10	1	0
"0x0001C336"	"ICMarketGuardPostDay04"	10	1	0		1	10	1	0
"0x0001C31F"	"ICMarketGuardPostDay05"	10	1	0		1	10	1	0
"0x0001C348"	"ICMarketGuardPostNight01"	10	1	0		1	10	1	0
"0x0001C34B"	"ICMarketGuardPostNight02"	10	1	0		1	10	1	0
"0x0001C34C"	"ICMarketGuardPostNight03"	10	1	0		1	10	1	0
"0x0001C343"	"ICMarketGuardPostNight04"	10	1	0		1	10	1	0
"0x0001C32A"	"ICMarketGuardPostNight05"	10	1	0		1	10	1	0
"0x0006E629"	"ICPalaceGuardCryptPatrol"	10	1	0		1	10	1	0
"0x0006E632"	"ICPalaceGuardCryptPost"	10	1	0		1	10	1	0
"0x0004A2BF"	"ICPalaceGuardGreenWay01"	10	1	0		1	10	1	0
"0x000C7619"	"ICPalaceGuardGreenWay02"	10	1	0		1	10	1	0
"0x00115DF7"	"ICPalaceGuardPatrolDay01"	10	8	0		1	10	8	0
"0x00115DF8"	"ICPalaceGuardPatrolNight01"	10	8	0		1	10	8	0
"0x0010D759"	"ICPalaceGuardPostDay01"	10	8	0		1	10	8	0
"0x00115DF6"	"ICPalaceGuardPostDay02"	10	8	0		1	10	8	0
"0x00115DFB"	"ICPalaceGuardPostDay03"	10	8	0		1	10	8	0
"0x00115DFD"	"ICPalaceGuardPostDay04"	10	8	0		1	10	8	0
"0x00115DF9"	"ICPalaceGuardPostNight01"	10	8	0		1	10	8	0
"0x00115DFA"	"ICPalaceGuardPostNight02"	10	8	0		1	10	8	0
"0x00115DFC"	"ICPalaceGuardPostNight03"	10	8	0		1	10	8	0
"0x00115DFE"	"ICPalaceGuardPostNight04"	10	8	0		1	10	8	0
"0x00092B02"	"ICPrisonGuardDay01"	10	1	0		1	10	1	0
"0x00092B03"	"ICPrisonGuardDay02"	10	1	0		1	10	1	0
"0x00092B04"	"ICPrisonGuardDay03"	10	1	0		1	10	1	0
"0x00092B05"	"ICPrisonGuardDay04"	10	1	0		1	10	1	0
"0x00092B06"	"ICPrisonGuardNight01"	10	1	0		1	10	1	0
"0x00092B07"	"ICPrisonGuardNight02"	10	1	0		1	10	1	0
"0x0018D1F2"	"ICPrisonJailorDay"	5	1	0		1	5	1	0
"0x0018D1F4"	"ICPrisonJailorNight"	5	1	0		1	5	1	0
"0x00071F37"	"ICTalosGuardClaudiusHouse"	10	1	0		1	10	0	0
"0x0001632B"	"ICTalosGuardPatrolDay01"	10	1	0		1	10	1	0
"0x0001632C"	"ICTalosGuardPatrolDay02"	10	1	0		1	10	1	0
"0x0001632F"	"ICTalosGuardPatrolNight01"	10	1	0		1	10	1	0
"0x00016330"	"ICTalosGuardPatrolNight02"	10	1	0		1	10	1	0
"0x00016333"	"ICTalosGuardPostDay01"	10	1	0		1	10	1	0
"0x00016334"	"ICTalosGuardPostDay02"	10	1	0		1	10	1	0
"0x00016335"	"ICTalosGuardPostDay03"	10	1	0		1	10	1	0
"0x0001632E"	"ICTalosGuardPostDay04"	10	1	0		1	10	1	0
"0x0001632D"	"ICTalosGuardPostDay05"	10	1	0		1	10	1	0
"0x00016336"	"ICTalosGuardPostNight01"	10	1	0		1	10	1	0
"0x00016337"	"ICTalosGuardPostNight02"	10	1	0		1	10	1	0
"0x00016338"	"ICTalosGuardPostNight03"	10	1	0		1	10	1	0
"0x00016332"	"ICTalosGuardPostNight04"	10	1	0		1	10	1	0
"0x00016331"	"ICTalosGuardPostNight05"	10	1	0		1	10	1	0
"0x00032AEC"	"ICTempleGuardPatrolDay01"	10	1	0		1	10	1	0
"0x00032AED"	"ICTempleGuardPatrolDay02"	10	1	0		1	10	1	0
"0x00032AF1"	"ICTempleGuardPatrolNight01"	10	1	0		1	10	1	0
"0x00032AF2"	"ICTempleGuardPatrolNight02"	10	1	0		1	10	1	0
"0x00032AF6"	"ICTempleGuardPostDay01"	10	1	0		1	10	1	0
"0x00032AF7"	"ICTempleGuardPostDay02"	10	1	0		1	10	1	0
"0x00032AF8"	"ICTempleGuardPostDay03"	10	1	0		1	10	1	0
"0x00032AEE"	"ICTempleGuardPostDay04"	10	1	0		1	10	1	0
"0x00032AF0"	"ICTempleGuardPostDay05"	10	1	0		1	10	1	0
"0x00032AF9"	"ICTempleGuardPostNight01"	10	1	0		1	10	1	0
"0x00032AFA"	"ICTempleGuardPostNight02"	10	1	0		1	10	1	0
"0x00032AFB"	"ICTempleGuardPostNight03"	10	1	0		1	10	1	0
"0x00032AF3"	"ICTempleGuardPostNight04"	10	1	0		1	10	1	0
"0x00032AF5"	"ICTempleGuardPostNight05"	10	1	0		1	10	1	0
"0x00009C5A"	"ICWaterfrontGuardDay01"	10	1	0		1	10	1	0
"0x0001C456"	"ICWaterfrontGuardDay02"	10	1	0		1	10	1	0
"0x0001C455"	"ICWaterfrontGuardNight01"	10	1	0		1	10	1	0
"0x0001C457"	"ICWaterfrontGuardNight02"	10	1	0		1	10	1	0
"0x00002E9A"	"Idrolian"	1	1	0		1	1	1	0
"0x0009812F"	"IlendVonius"	0	3	0		1	0	3	0
"0x0001ECAD"	"IlvelRomayn"	1	1	0		1	1	1	0
"0x0001ECAE"	"IlvelRomaynSOUL"	1	1	0		1	1	0	0
"0x0018B11A"	"ImperialLegionForester"	10	1	0		1	10	0	0
"0x0018BA84"	"ImperialLegionForester2"	10	1	0		1	10	0	0
"0x00061444"	"ImperialLegionForester3"	10	1	0		1	10	0	0
"0x0006B592"	"ImperialLegionForester4"	10	1	0		1	10	0	0
"0x000700CA"	"ImperialLegionRiderAleswell"	10	1	0		1	10	0	0
"0x000700C0"	"ImperialLegionRiderAnvil"	10	1	0		1	10	0	0
"0x0018BA88"	"ImperialLegionRiderChey"	10	1	0		1	10	0	0
"0x0018BA86"	"ImperialLegionRiderChorrol"	10	1	0		1	10	0	0
"0x000700C2"	"ImperialLegionRiderCrossroads"	10	1	0		1	10	0	0
"0x000700C5"	"ImperialLegionRiderFalls"	10	1	0		1	10	0	0
"0x000700C1"	"ImperialLegionRiderGottshaw"	10	1	0		1	10	0	0
"0x0018BA89"	"ImperialLegionRiderLey"	10	1	0		1	10	0	0
"0x000700CB"	"ImperialLegionRiderNikel"	10	1	0		1	10	0	0
"0x000700C3"	"ImperialLegionRiderRidge"	10	1	0		1	10	0	0
"0x000700CD"	"ImperialLegionRiderRock"	10	1	0		1	10	0	0
"0x000700C8"	"ImperialLegionRiderRoxey"	10	1	0		1	10	0	0
"0x000700C7"	"ImperialLegionRiderSardavar"	10	1	0		1	10	0	0
"0x000700C4"	"ImperialLegionRiderSlope"	10	1	0		1	10	0	0
"0x000700CC"	"ImperialLegionRiderVirtue"	10	1	0		1	10	0	0
"0x000700C6"	"ImperialLegionRiderWell"	10	1	0		1	10	0	0
"0x000700C9"	"ImperialLegionRiderWellspring"	10	1	0		1	10	0	0
"0x0018B118"	"ImperialLegionSoldier"	10	1	0		1	10	0	0
"0x0018D7D8"	"ImperialLegionSoldierInnDrunkDrag"	10	1	0		1	10	0	0
"0x00058A8C"	"ImperialLegionSoldierInnGottshaw"	10	1	0		1	10	0	0
"0x0018BA85"	"ImperialLegionSoldierInnImpBridge"	10	1	0		1	10	0	0
"0x0018BA87"	"ImperialLegionSoldierInnRoxey"	10	1	0		1	10	0	0
"0x00058AF5"	"ImperialLegionSoldierInnWawnet"	10	1	0		1	10	0	0
"0x0018D4CF"	"ImperialLegionSoldierOBGATE"	10	1	0		1	10	0	0
"0x00026B14"	"IrroketheWide"	1	1	0		1	1	0	0
"0x0000A298"	"Isolde"	0	5	0		1	0	5	0
"0x00026D98"	"ItiusHayn"	15	1	0		1	15	0	0
"0x000151FC"	"Iver"	-1	1	0		1	-1	1	0
"0x0008521B"	"JBaasha"	-1	1	0		1	-1	0	0
"0x00030148"	"JGhasta"	15	1	0		1	15	0	0
"0x00034E7A"	"JaFazir"	8	1	0		1	8	1	0
"0x000148D5"	"JakbenImbel"	0	1	0		1	0	0	0
"0x000C80FD"	"JalbertREF"	0	1	0		1	0	1	0
"0x00028FAE"	"JanusHassildor"	20	1	0		1	20	0	0
"0x0001C168"	"JarasInvel"	1	1	0		1	1	1	0
"0x00023999"	"Jauffre"	2	15	0		1	2	15	25
"0x0002FF2A"	"JeeTah"	4	1	0		1	4	0	0
"0x000356EC"	"JeetumZe"	5	1	0		1	5	1	0
"0x00037576"	"Jena"	0	10	0		1	0	10	20
"0x0002800B"	"JesanRilian"	0	6	0		1	0	6	0
"0x000335B1"	"JharedStrongblade"	0	1	0		1	0	0	0
"0x000280CA"	"JivHiriel"	-2	1	0		1	-2	0	0
"0x000327BF"	"JolieRetiene"	1	1	0		1	1	0	0
"0x00036244"	"Jorundr"	1	1	0		1	1	0	0
"0x000897DD"	"Jriska"	1	1	0		1	1	0	0
"0x0002D8C0"	"Kalthar"	1	1	0		1	1	1	0
"0x0001ECA9"	"Kewan"	1	1	0		1	1	1	0
"0x0001ECAA"	"KewanSOUL"	1	1	0		1	1	0	0
"0x0001ECD2"	"Kirsten"	0	1	0		1	0	0	0
"0x0000A296"	"KrognakgroBrok"	1	1	0		1	1	1	0
"0x00003946"	"Ksharr"	1	1	0		1	1	0	0
"0x0002CD1F"	"KudEi"	0	5	0		1	0	5	0
"0x0001F428"	"KurdangroDragol"	0	1	0		1	0	1	0
"0x0001466D"	"KvatchCastleWallDremoraArcher"	-3	1	3		1	-3	1	3
"0x000CD4D3"	"KvatchCastleWallDremoraMage"	0	1	3		1	0	0	3
"0x00181C64"	"KyliusLonavo"	1	1	0		1	1	0	0
"0x0001EC33"	"LadyDrad"	3	1	0		1	3	0	0
"0x0000BE80"	"LadyRogbut"	1	1	0		1	1	0	0
"0x0000A28B"	"Langley"	10	1	0		1	10	0	0
"0x000038CA"	"LaytheWavrick"	1	1	0		1	1	0	0
"0x00181C68"	"LerexusCallidus"	10	1	0		1	10	0	0
"0x0003554B"	"LeyawiinGuardCastlePostDay01"	10	1	0		1	10	0	0
"0x00034E71"	"LeyawiinGuardCastlePostDay02"	10	1	0		1	10	0	0
"0x0003533E"	"LeyawiinGuardCastlePostNight01"	10	1	0		1	10	0	0
"0x0003554D"	"LeyawiinGuardCastlePostNight02"	10	1	0		1	10	0	0
"0x0001C164"	"LeyawiinGuardCastleSanguine"	10	1	0		1	10	0	0
"0x00035572"	"LeyawiinGuardCityPatrolDay01"	10	1	0		1	10	1	0
"0x00035552"	"LeyawiinGuardCityPatrolDay03"	10	1	0		1	10	1	0
"0x0003557A"	"LeyawiinGuardCityPatrolNight01"	10	1	0		1	10	1	0
"0x00035564"	"LeyawiinGuardCityPatrolNight03"	10	1	0		1	10	1	0
"0x000353D5"	"LeyawiinGuardCityPostDay01"	10	1	0		1	10	1	0
"0x0003554E"	"LeyawiinGuardCityPostDay02"	10	1	0		1	10	1	0
"0x00035562"	"LeyawiinGuardCityPostDay03"	10	1	0		1	10	1	0
"0x000353D6"	"LeyawiinGuardCityPostNight01"	10	1	0		1	10	1	0
"0x0003554F"	"LeyawiinGuardCityPostNight02"	10	1	0		1	10	1	0
"0x00035569"	"LeyawiinGuardCityPostNight03"	10	1	0		1	10	1	0
"0x0000A0B9"	"LeyawiinGuardCityPostStablesNight"	10	1	0		1	10	1	0
"0x0000A0B8"	"LeyawiinGuardCityStablesPostDay"	10	1	0		1	10	1	0
"0x0003597B"	"LeyawiinGuardEscortCount"	10	1	0		1	10	1	0
"0x0003597A"	"LeyawiinGuardEscortCountess"	10	1	0		1	10	1	0
"0x00035F8F"	"LeyawiinGuardJailorDay"	5	1	0		1	5	1	0
"0x00035F8E"	"LeyawiinGuardJailorNight"	5	1	0		1	5	1	0
"0x00185374"	"Lithnilian"	2	1	0		1	2	1	0
"0x000034DF"	"LlevanaNedaren"	2	1	0		1	2	1	0
"0x0001EC31"	"LordDrad"	5	1	0		1	5	0	0
"0x00038EDD"	"LordLovidicus"	5	1	0		1	5	0	0
"0x0000BE7F"	"LordRugdumph"	1	1	0		1	1	0	0
"0x0006E7EF"	"LorgrenBenirusNPC"	20	1	0		1	20	0	0
"0x0000C1D8"	"Lynch"	2	1	0		1	2	1	0
"0x0003CD2B"	"MG07MarauderBoss"	2	1	0		1	2	0	0
"0x0003FB85"	"MG07MarauderMageFemale1"	-2	1	0		1	-2	1	0
"0x0003FB84"	"MG07MarauderMageMale2"	0	1	0		1	0	1	0
"0x0003FB81"	"MG07MarauderMeleeMale1"	-1	1	0		1	-1	1	0
"0x0003FB83"	"MG07MarauderMissileFemale1"	-2	1	0		1	-2	1	0
"0x0003FB86"	"MG07MarauderMissileMale2"	-3	1	0		1	-3	1	0
"0x000C769D"	"MG08Necromancer1"	-2	1	0		1	-2	1	0
"0x000C769E"	"MG08Necromancer2"	-2	1	0		1	-2	1	0
"0x0004872A"	"MG13Vampire01Warrior"	1	1	0		1	1	0	0
"0x0004872B"	"MG13Vampire02Spellsword"	1	1	0		1	1	0	0
"0x00099A6B"	"MG13Vampire03Mage"	0	1	0		1	0	0	0
"0x00049197"	"MG13Vampire04Warrior"	1	1	0		1	1	0	0
"0x00099A6C"	"MG13Vampire05Battlemage"	0	1	0		1	0	0	0
"0x00099A6A"	"MG13Vampire06Assassin"	0	1	0		1	0	1	0
"0x00099A6F"	"MG13Vampire07Rogue"	0	1	0		1	0	0	0
"0x00099A70"	"MG13Vampire08Sorcerer"	0	1	0		1	0	0	0
"0x00099A6D"	"MG13Vampire09Spellsword"	0	1	0		1	0	0	0
"0x00099A71"	"MG13Vampire10Mage"	0	1	0		1	0	0	0
"0x00032942"	"MG16NecromancerFemale1TEMPLATE"	0	1	0		1	0	1	0
"0x00032941"	"MG16NecromancerFemale2"	0	1	0		1	0	1	0
"0x00033B8B"	"MG16NecromancerFemale3"	0	1	0		1	0	1	0
"0x00032940"	"MG16NecromancerMale1"	0	1	0		1	0	1	0
"0x00032943"	"MG16NecromancerMale2"	0	1	0		1	0	1	0
"0x00033B8D"	"MG16NecromancerMale3"	0	1	0		1	0	1	0
"0x000366E9"	"MG17Necromancer01a"	2	1	0		1	2	0	0
"0x0008677B"	"MG17Necromancer01b"	2	1	0		1	2	0	0
"0x00086772"	"MG17Necromancer02"	2	1	0		1	2	0	0
"0x0006A833"	"MGMageApprentice"	-6	1	0		1	-6	0	0
"0x0006AAAF"	"MGMageApprentice10"	-6	1	0		1	-6	0	0
"0x0006A831"	"MGMageApprentice2"	-6	1	0		1	-6	0	0
"0x0006A832"	"MGMageApprentice3"	-6	1	0		1	-6	0	0
"0x0006AAA9"	"MGMageApprentice4"	-6	1	0		1	-6	0	0
"0x0006AAAA"	"MGMageApprentice5"	-6	1	0		1	-6	0	0
"0x0006AAAB"	"MGMageApprentice6"	-6	1	0		1	-6	0	0
"0x0006AAAC"	"MGMageApprentice7"	-6	1	0		1	-6	0	0
"0x0006AAAD"	"MGMageApprentice8"	-6	1	0		1	-6	0	0
"0x0006AAAE"	"MGMageApprentice9"	-6	1	0		1	-6	0	0
"0x0006A82E"	"MGMageScholar"	5	1	0		1	5	0	0
"0x0006A82F"	"MGMageScholar2"	5	1	0		1	5	0	0
"0x0006A830"	"MGMageScholar3"	5	1	0		1	5	0	0
"0x0006AAB0"	"MGMageScholar4"	5	1	0		1	5	0	0
"0x0006AAB1"	"MGMageScholar5"	5	1	0		1	5	0	0
"0x0006AAB2"	"MGMageScholar6"	5	1	0		1	5	0	0
"0x0002F101"	"MQ04MythicDawnAgent01"	0	10	0		1	0	10	0
"0x0002F108"	"MQ04MythicDawnAgent02"	0	1	0		1	0	0	0
"0x0002F10A"	"MQ04MythicDawnAgent03"	-2	1	0		1	-2	0	0
"0x0002F10B"	"MQ04MythicDawnAgent04"	-3	3	0		1	-3	3	0
"0x0002F10F"	"MQ04MythicDawnAgent05"	-3	1	0		1	-3	0	0
"0x00026093"	"MQ05AstavWirich"	0	5	0		1	0	5	0
"0x00022EF5"	"MQ05MythicDawnGuard01"	0	1	0		1	0	0	0
"0x00022EF6"	"MQ05MythicDawnGuard02"	1	1	0		1	1	0	0
"0x00022E37"	"MQ06MythicDawnAcolyte01"	-5	1	15		1	-5	1	15
"0x00022E3B"	"MQ06MythicDawnAcolyte02"	-5	1	15		1	-5	1	15
"0x00022E3D"	"MQ06MythicDawnAcolyte03"	-5	1	15		1	-5	1	15
"0x00022E3C"	"MQ06MythicDawnAcolyte04"	-5	1	15		1	-5	1	15
"0x00094E88"	"MQ06MythicDawnAcolyteRandom01"	-5	1	0		1	-5	1	0
"0x00094E87"	"MQ06MythicDawnAcolyteRandom02"	-2	1	0		1	-2	1	0
"0x00094E86"	"MQ06MythicDawnAcolyteRandom03"	-3	1	0		1	-3	1	0
"0x00094E85"	"MQ06MythicDawnAcolyteRandom04"	-4	1	0		1	-4	1	0
"0x00022C84"	"MQ06MythicDawnAcolyteRandomFemale"	-2	1	0		1	-2	1	0
"0x00022C83"	"MQ06MythicDawnAcolyteRandomMale"	-2	1	0		1	-2	1	0
"0x00094E84"	"MQ06MythicDawnAnteGuardF01"	-2	1	0		1	-2	1	0
"0x00094E82"	"MQ06MythicDawnAnteGuardF02"	-2	1	0		1	-2	1	0
"0x00094E81"	"MQ06MythicDawnAnteGuardF03"	-2	1	0		1	-2	1	0
"0x00027047"	"MQ06MythicDawnAnteGuardM01"	-2	1	0		1	-2	1	0
"0x00094E83"	"MQ06MythicDawnAnteGuardM02"	-2	1	0		1	-2	1	0
"0x00027048"	"MQ06MythicDawnAnteGuardM03"	-2	1	0		1	-2	1	0
"0x0001F106"	"MQ06MythicDawnDoorkeeper"	1	1	0		1	1	1	0
"0x0001F14B"	"MQ06MythicDawnGuard"	-1	1	0		1	-1	1	0
"0x00097CAF"	"MQ06MythicDawnGuardPatrol01"	-2	1	0		1	-2	1	0
"0x00022C85"	"MQ06MythicDawnGuardRandomFemale"	-2	1	0		1	-2	1	0
"0x00022C82"	"MQ06MythicDawnGuardRandomMale"	-2	1	0		1	-2	1	0
"0x00097CB0"	"MQ06MythicDawnShrineGuard01"	-2	1	0		1	-2	1	0
"0x00097CB1"	"MQ06MythicDawnShrineGuard02"	-3	1	0		1	-3	1	0
"0x00026FC9"	"MQ06MythicDawnStoreroomGuard"	2	1	0		1	2	1	0
"0x00026EB3"	"MQ10BrumaGuard01"	-2	1	0		1	-2	1	0
"0x0004630B"	"MQ10BrumaGuard02"	-2	1	0		1	-2	1	0
"0x00046315"	"MQ10BrumaGuard03"	0	1	0		1	0	1	0
"0x00046318"	"MQ10BrumaGuard04"	-3	1	0		1	-3	1	0
"0x00046319"	"MQ10BrumaGuard05"	-3	1	0		1	-3	1	0
"0x00026EB4"	"MQ11AnvilSoldier01"	0	1	0		1	0	0	0
"0x00026F0D"	"MQ11CheydinhalSoldier01"	0	1	0		1	0	0	0
"0x000270F6"	"MQ11ChorrolSoldier01"	0	1	0		1	0	0	0
"0x00026F18"	"MQ11KvatchSoldier01"	0	1	0		1	0	0	0
"0x00026F20"	"MQ11LeyawiinSoldier01"	0	1	0		1	0	0	0
"0x00026F25"	"MQ11SkingradSoldier01"	0	1	0		1	0	0	0
"0x00027327"	"MQ13BrumaMilitiaFemale"	-5	1	0		1	-5	0	0
"0x000272C5"	"MQ13BrumaMilitiaMale"	-5	1	0		1	-5	1	0
"0x000277A5"	"MQ13BrumaSoldier"	-1	1	0		1	-1	0	0
"0x0003ABB4"	"MQ13DremoraLeveledGate1"	2	1	0		1	2	0	0
"0x0003ABAD"	"MQ13DremoraLeveledGate2"	2	1	0		1	2	0	0
"0x0003ABB5"	"MQ13DremoraLeveledGate3"	2	1	0		1	2	0	0
"0x0003B3DC"	"MQ13DremoraLord"	5	1	0		1	5	0	0
"0x0000C57C"	"MQ14DremoraMelee1"	-4	4	0		1	-4	4	0
"0x0009C26A"	"MQ14DremoraSentryTemplate"	-1	1	0		1	-1	0	0
"0x0003CD19"	"MQ15Amkaos"	0	1	0		1	0	0	0
"0x0003C806"	"MQ15Eldamil"	0	1	0		1	0	1	0
"0x0003C805"	"MQ15Kathutet"	5	1	0		1	5	1	0
"0x000C526C"	"MQ15MythicDawnACave01"	-5	1	0		1	-5	0	0
"0x000C526B"	"MQ15MythicDawnACave02"	-5	1	0		1	-5	0	0
"0x0003FBD9"	"MQ15MythicDawnGuardDarkElf"	-1	1	0		1	-1	0	0
"0x000998C4"	"MQ15MythicDawnLowF01"	-5	1	0		1	-5	0	0
"0x000998C3"	"MQ15MythicDawnLowF02"	-5	1	0		1	-5	0	0
"0x000998C2"	"MQ15MythicDawnLowF03"	-5	1	0		1	-5	0	0
"0x0003E29B"	"MQ15MythicDawnLowM01"	-5	1	0		1	-5	0	0
"0x00046691"	"MQ15MythicDawnLowM02"	-5	1	0		1	-5	0	0
"0x000998C1"	"MQ15MythicDawnLowM03"	-5	1	0		1	-5	0	0
"0x00046692"	"MQ15MythicDawnLowM04"	-5	1	0		1	-5	0	0
"0x0003CD1B"	"MQ15Orthe"	5	1	0		1	5	1	0
"0x0003CD1A"	"MQ15Ranyu"	0	1	0		1	0	0	0
"0x0004A2C2"	"MQ16DremoraCouncilChamberAttack"	0	12	0		1	0	12	0
"0x00038A62"	"MQ16ImperialArcher01"	-2	1	0		1	-2	0	0
"0x00001145"	"MQ16ImperialArcher02"	-2	1	0		1	-2	0	0
"0x0004BFB1"	"MQ16ImperialArcherDagonAttack"	-2	1	0		1	-2	0	0
"0x0004892F"	"MQ16ImperialCaptain01"	0	1	0		1	0	0	0
"0x00038A61"	"MQ16ImperialSoldier01"	-2	1	0		1	-2	0	0
"0x00001144"	"MQ16ImperialSoldier02"	-2	1	0		1	-2	0	0
"0x0004BFB2"	"MQ16ImperialSoldierDagonAttack"	-2	1	0		1	-2	0	0
"0x0004A938"	"MQ16ImperialWatch"	-5	5	0		1	-5	5	0
"0x000146EA"	"MQ16Messenger"	-5	5	0		1	-5	5	0
"0x000C89E0"	"MQ16PalaceGuard"	-2	6	0		1	-2	6	0
"0x0001FEEA"	"MS08ImperialHunter"	0	1	0		1	0	0	0
"0x000CD327"	"MS08KurdanThug"	0	1	0		1	0	1	0
"0x0001FEEC"	"MS08NordHunter"	2	1	0		1	2	1	0
"0x0001FEEF"	"MS08OrcHunter"	3	1	0		1	3	1	0
"0x0003C2C5"	"MS10CheydinhalHouseGuard01"	10	1	0		1	10	0	0
"0x00037F74"	"MS11BrumaInvestigatorGuard02"	10	1	0		1	10	0	0
"0x0008FD01"	"MS13CheydinhalGuardA"	10	1	0		1	10	0	0
"0x00031C31"	"MS13CheydinhalGuardB"	10	1	0		1	10	0	0
"0x0008FD03"	"MS13CheydinhalGuardC"	10	1	0		1	10	0	0
"0x0001D0AC"	"MS29AgarmirThug"	-2	1	0		1	-2	0	0
"0x00014C59"	"MS48OblivionDremoraPatroller"	-2	1	0		1	-2	1	0
"0x00093EF0"	"MS48OblivionSigilKeeper"	0	1	0		1	0	0	0
"0x000732D1"	"MS49LegionArcher"	3	1	0		1	3	0	0
"0x00073296"	"MS49LegionSoldier"	3	1	0		1	3	0	0
"0x000732D3"	"MS49LegionSoldier2"	3	1	0		1	3	0	0
"0x00095A45"	"MS93Varulae"	0	1	0		1	0	0	0
"0x00097C78"	"MS94Archer01"	-1	1	0		1	-1	0	0
"0x00053FE8"	"MS94ImperialArcher"	-1	1	0		1	-1	0	0
"0x00053FEE"	"MS94ImperialCaptain"	2	1	0		1	2	0	0
"0x0005466B"	"MS94ImperialSoldier"	-1	1	0		1	-1	0	0
"0x00097C79"	"MS94Soldier01"	-1	1	0		1	-1	0	0
"0x0000A2A2"	"Maelona"	3	1	0		1	3	1	0
"0x00185FE5"	"MaevatheBuxom"	0	1	0		1	0	1	0
"0x00024165"	"Maglir"	3	1	0		1	3	0	0
"0x000034D5"	"MagubgraOrum"	5	1	0		1	5	0	0
"0x0001ECCC"	"MalyaniDalvilu"	1	1	0		1	1	0	0
"0x00033908"	"MankarCamoran"	10	1	0		1	10	0	0
"0x00016487"	"Mannimarco"	7	1	0		1	7	1	0
"0x00026B37"	"Maraska"	1	1	0		1	1	1	0
"0x00035FE0"	"MarauderBossFemale1"	0	1	0		1	0	0	0
"0x00035FE1"	"MarauderBossFemale2"	0	1	0		1	0	1	0
"0x00035FDE"	"MarauderBossMale1"	0	1	0		1	0	0	0
"0x00035FDF"	"MarauderBossMale2"	0	1	0		1	0	0	0
"0x00035FDD"	"MarauderMageFemale2"	-2	1	0		1	-2	1	0
"0x00035FDC"	"MarauderMageFemale3B"	-3	1	0		1	-3	1	0
"0x00069AD6"	"MarauderMageFemale4B"	-4	1	0		1	-4	1	0
"0x00035FD6"	"MarauderMageMale3A"	-3	1	0		1	-3	1	0
"0x00035FD9"	"MarauderMageMale4A"	-4	1	0		1	-4	1	0
"0x0003DC62"	"MarauderMeleeFemale2"	-2	1	0		1	-2	1	0
"0x0003DC64"	"MarauderMeleeFemale3A"	-3	1	0		1	-3	1	0
"0x0003DC61"	"MarauderMeleeFemale3B"	-3	1	0		1	-3	1	0
"0x0003DC63"	"MarauderMeleeFemale4A"	-4	1	0		1	-4	1	0
"0x00069AD7"	"MarauderMeleeFemale4B"	-4	1	0		1	-4	1	0
"0x0003DC5E"	"MarauderMeleeMale2"	-2	1	0		1	-2	1	0
"0x0003DC60"	"MarauderMeleeMale3A"	-3	1	0		1	-3	1	0
"0x0003DC5D"	"MarauderMeleeMale3B"	-3	1	0		1	-3	1	0
"0x0003DC5F"	"MarauderMeleeMale4A"	-4	1	0		1	-4	1	0
"0x00069AD8"	"MarauderMeleeMale4B"	-4	1	0		1	-4	1	0
"0x00035FD2"	"MarauderMissileFemale3A"	-3	1	0		1	-3	1	0
"0x00035FD3"	"MarauderMissileFemale4A"	-4	1	0		1	-4	1	0
"0x00035FD5"	"MarauderMissileMale2"	-2	1	0		1	-2	1	0
"0x00035FD4"	"MarauderMissileMale3B"	-3	1	0		1	-3	1	0
"0x00069AD9"	"MarauderMissileMale4B"	-4	1	0		1	-4	1	0
"0x01024380"	"MarauderRaiderBossArctic"	6	1	0
"0x01022AA1"	"MarauderRaiderBossFemale1"	2	1	0
"0x01022AA0"	"MarauderRaiderBossFemale2"	1	1	0
"0x01022A9F"	"MarauderRaiderBossMale1"	2	1	0
"0x01022A9E"	"MarauderRaiderBossMale2"	1	1	0
"0x01022AA3"	"MarauderRaiderMageFemale2"	0	1	0
"0x01022A9B"	"MarauderRaiderMageFemale3B"	-1	1	0
"0x01022AA2"	"MarauderRaiderMageFemale4B"	-2	1	0
"0x01022A99"	"MarauderRaiderMageMale3A"	-1	1	0
"0x01022A98"	"MarauderRaiderMageMale4A"	-2	1	0
"0x01022A97"	"MarauderRaiderMeleeFemale2"	-1	1	0
"0x01022A96"	"MarauderRaiderMeleeFemale3A"	-1	1	0
"0x01022A95"	"MarauderRaiderMeleeFemale3B"	-1	1	0
"0x01022A94"	"MarauderRaiderMeleeFemale4A"	-2	1	0
"0x01022A93"	"MarauderRaiderMeleeFemale4B"	-2	1	0
"0x01022A92"	"MarauderRaiderMeleeMale2"	-1	1	0
"0x01022A91"	"MarauderRaiderMeleeMale3A"	-1	1	0
"0x01022A90"	"MarauderRaiderMeleeMale3B"	-1	1	0
"0x01022A8F"	"MarauderRaiderMeleeMale4A"	-2	1	0
"0x01022A8E"	"MarauderRaiderMeleeMale4B"	-2	1	0
"0x010225A7"	"MarauderRaiderMissileFemale3A"	-1	1	0
"0x010225A6"	"MarauderRaiderMissileFemale4A"	-2	1	0
"0x010225A5"	"MarauderRaiderMissileMale2"	-1	1	0
"0x010225A4"	"MarauderRaiderMissileMale3B"	-1	1	0
"0x010225A3"	"MarauderRaiderMissileMale4B"	-2	1	0
"0x000A345B"	"MarcelAmelion"	1	1	0		1	1	0	0
"0x0001ECAB"	"MarentheSeal"	1	1	0		1	1	1	0
"0x0001ECAC"	"MarentheSealSOUL"	1	1	0		1	1	0	0
"0x00033904"	"MargueriteDiel"	1	1	0		1	1	0	0
"0x000327BB"	"MarieAlouette"	1	1	0		1	1	0	0
"0x000038B3"	"MarietteRielle"	1	1	0		1	1	0	0
"0x000280CB"	"MarlenaBrussiner"	0	1	0		1	0	0	0
"0x00033907"	"Martin"	5	5	0		1	5	5	0
"0x0000398A"	"MathieuBellamont"	20	1	0		1	20	1	0
"0x00030FDA"	"MatthiasDraconis"	0	1	0		1	0	0	0
"0x00085969"	"MazogatheOrc"	1	10	0		1	1	10	0
"0x000897DF"	"Mdasha"	1	1	0		1	1	0	0
"0x000897E1"	"Mdirr"	1	1	0		1	1	0	0
"0x0003E931"	"Melisande"	20	1	0		1	20	0	0
"0x0001EBF7"	"MelsMaryon"	1	1	0		1	1	0	0
"0x00026B46"	"MelusPetilius"	8	1	0		1	8	0	0
"0x0009812E"	"MenienGoneld"	0	1	0		1	0	0	0
"0x0008521D"	"MensaSelas"	-1	1	0		1	-1	0	0
"0x00028035"	"Merandil"	-1	6	0		1	-1	6	0
"0x00035649"	"MercatorHosidus"	2	1	0		1	2	1	0
"0x000151FE"	"Merete"	-2	1	0		1	-2	1	0
"0x00059D2E"	"Merildor"	1	1	0		1	1	0	0
"0x00034E99"	"Methredhel"	0	1	0		1	0	1	0
"0x0000C1D9"	"Minx"	2	1	0		1	2	1	0
"0x0001ECAF"	"Mirie"	1	1	0		1	1	0	0
"0x0001ECB0"	"MirieSOUL"	1	1	0		1	1	0	0
"0x0001C48D"	"Mishaxhi"	1	1	0		1	1	0	0
"0x0008521A"	"MogensWindShifter"	3	1	0		1	3	0	0
"0x00035A16"	"MondrarHenim"	-1	1	0		1	-1	0	0
"0x00026ACC"	"MorGraGamorn"	1	1	0		1	1	0	0
"0x0009504D"	"Mq10OblivionSigilKeeper"	-2	1	0		1	-2	0	0
"0x0009C226"	"Mq14DremoraSigilGuard"	-2	1	0		1	-2	1	0
"0x0009829B"	"MuggraMurgak"	-1	1	0		1	-1	0	0
"0x0003529A"	"MyvrynaArano"	0	1	0		1	0	0	0
"0x000280CC"	"NatchPinder"	-1	1	0		1	-1	0	0
"0x0004B946"	"NecromancerBossFemaleBreton"	0	1	0		1	0	1	0
"0x0004B945"	"NecromancerBossFemaleHighElf"	0	1	0		1	0	1	0
"0x01014D22"	"NecromancerBossLordNoor"	5	1	0
"0x0004B948"	"NecromancerBossMaleBreton"	0	1	0		1	0	1	0
"0x0004B947"	"NecromancerBossMaleHighElf"	0	1	0		1	0	1	0
"0x0004B93A"	"NecromancerFemaleBreton2"	-2	1	0		1	-2	1	0
"0x00069ADC"	"NecromancerFemaleBreton3"	-3	1	0		1	-3	1	0
"0x0004B939"	"NecromancerFemaleBreton4"	-4	1	0		1	-4	1	0
"0x0004B93C"	"NecromancerFemaleHighElf3"	-3	1	0		1	-3	1	0
"0x0004B93B"	"NecromancerFemaleHighElf4"	-4	1	0		1	-4	1	0
"0x0001E5E5"	"NecromancerMaleBreton3"	-3	1	0		1	-3	1	0
"0x0004B936"	"NecromancerMaleBreton4"	-4	1	0		1	-4	1	0
"0x0004B937"	"NecromancerMaleHighElf2"	-2	1	0		1	-2	1	0
"0x0004B938"	"NecromancerMaleHighElf3"	-3	1	0		1	-3	1	0
"0x00069ADD"	"NecromancerMaleHighElf4"	-4	1	0		1	-4	1	0
"0x010234B4"	"NecromancerPutridBossFemaleBreton"	2	1	0
"0x010234B3"	"NecromancerPutridBossFemaleHighElf"	3	1	0
"0x010234B2"	"NecromancerPutridBossMaleBreton"	2	1	0
"0x010234B1"	"NecromancerPutridBossMaleHighElf"	3	1	0
"0x010239A0"	"NecromancerPutridBossyBoss"	6	1	0
"0x010234B0"	"NecromancerPutridFemaleBreton2"	0	1	0
"0x010234AF"	"NecromancerPutridFemaleBreton3"	-1	1	0
"0x010234AE"	"NecromancerPutridFemaleBreton4"	-2	1	0
"0x010234AD"	"NecromancerPutridFemaleHighElf3"	-1	1	0
"0x010234AC"	"NecromancerPutridFemaleHighElf4"	-2	1	0
"0x010234AB"	"NecromancerPutridMaleBreton3"	-1	1	0
"0x010234AA"	"NecromancerPutridMaleBreton4"	-2	1	0
"0x010234A9"	"NecromancerPutridMaleHighElf2"	0	1	0
"0x010234A8"	"NecromancerPutridMaleHighElf3"	-1	1	0
"0x010234A7"	"NecromancerPutridMaleHighElf4"	-2	1	0
"0x00002E97"	"Nedhelfin"	1	1	0		1	1	1	0
"0x000BB9CB"	"Nerussa"	0	1	0		1	0	0	0
"0x00035740"	"NewheimthePortly"	-5	1	0		1	-5	0	0
"0x00002E96"	"Niraegaer"	1	1	0		1	1	1	0
"0x0001ECC8"	"NivanDalvilu"	1	1	0		1	1	0	0
"0x0005D516"	"NorasaAdus"	1	1	0		1	1	0	0
"0x000353DF"	"NoveniOthran"	1	1	0		1	1	0	0
"0x000224EC"	"Ocheeva"	10	1	0		1	10	0	0
"0x000034DC"	"OghashgraMagul"	5	1	0		1	5	0	0
"0x0001CF33"	"OntusVanin"	5	15	0		1	5	15	0
"0x000222B9"	"OrgnolfHairyLegs"	-1	1	0		1	-1	0	0
"0x000234A8"	"OrokgroGhoth"	0	1	0		1	0	0	0
"0x00026AD9"	"Ortis"	1	1	0		1	1	0	0
"0x00009235"	"OrumGangCourier1"	-1	1	0		1	-1	0	0
"0x00009236"	"OrumGangCourier2"	-1	1	0		1	-1	0	0
"0x000A3833"	"Pajeen"	0	1	0		1	0	1	0
"0x00030FDC"	"PerenniaDraconis"	-1	1	0		1	-1	1	0
"0x000B1681"	"PhilipFranc"	1	1	0		1	1	1	0
"0x00185378"	"RaelynntheGravefinder"	4	1	0		1	4	0	0
"0x01022A9D"	"RaiderBossMale2"	1	1	0
"0x01022A9C"	"RaiderMageFemale2"	0	1	0
"0x01022A9A"	"RaiderMageFemale4B"	-2	1	0
"0x0002229F"	"RallusOdiil"	1	1	0		1	1	1	0
"0x00097865"	"RalsaNethan"	1	1	0		1	1	0	0
"0x00034E7B"	"Rana"	5	1	0		1	5	0	0
"0x0000ABB5"	"RavenCamoran"	2	1	0		1	2	1	0
"0x00035EAE"	"RaynilDralas"	2	1	0		1	2	1	0
"0x0001ECCA"	"RedasDalvilu"	1	1	0		1	1	0	0
"0x0002C7C6"	"Rellian"	6	1	0		1	6	0	0
"0x000222A8"	"ReynaldJemane"	0	1	0		1	0	1	0
"0x00026AED"	"Ribassa"	1	1	0		1	1	1	0
"0x00027F94"	"Rienna"	1	1	0		1	1	1	0
"0x0002AF3C"	"Rigmor"	1	1	0		1	1	0	0
"0x0001C13D"	"Rijirr"	1	1	0		1	1	1	0
"0x00035703"	"Rizakar"	10	1	0		1	10	1	0
"0x0001D34B"	"RolandJenseric"	0	1	0		1	0	1	0
"0x00037573"	"Roliand"	0	10	0		1	0	10	20
"0x0002FD70"	"RoliandHanus"	3	1	0		1	3	1	0
"0x000982A5"	"Rona"	-1	1	0		1	-1	0	0
"0x0003E956"	"RonaHassildor"	10	1	0		1	10	0	0
"0x0008595B"	"RoxyAric"	-3	1	0		1	-3	1	0
"0x0002952D"	"Ruma"	0	1	0		1	0	0	0
"0x0001ECCB"	"SathaDalvilu"	1	1	0		1	1	0	0
"0x00035ECC"	"SaveriFaram"	2	1	0		1	2	0	0
"0x00028007"	"SavlianMatius"	2	10	0		1	2	10	0
"0x0003558A"	"ScarTail"	-2	1	0		1	-2	0	0
"0x00024412"	"SchlerusSestius"	1	1	0		1	1	1	0
"0x0000C1D7"	"Selene"	5	1	0		1	5	0	0
"0x0001CF76"	"Seridur"	2	1	0		1	2	0	0
"0x00026D99"	"ServatiusQuintilius"	15	1	0		1	15	0	0
"0x00026B2C"	"Shafaye"	1	1	0		1	1	0	0
"0x0003018E"	"Shaleez"	10	1	0		1	10	1	0
"0x000039AB"	"Shamar"	0	1	0		1	0	0	0
"0x0001EC37"	"ShobobgroRugdush"	1	1	0		1	1	0	0
"0x00030FD8"	"SibyllaDraconis"	1	1	0		1	1	0	0
"0x0003AA85"	"SignyHomeWrecker"	-2	1	0		1	-2	0	0
"0x000B166E"	"SingsLikeThunder"	4	1	0		1	4	0	0
"0x00035F43"	"Skaleel"	1	1	0		1	1	0	0
"0x0002C0B6"	"SkingradCastleGuardJailorDay"	5	1	0		1	5	1	0
"0x0002C0B7"	"SkingradCastleGuardJailorNight"	5	1	0		1	5	1	0
"0x0002C0C1"	"SkingradCastleGuardPatrolDay01"	10	1	0		1	10	0	0
"0x0000C03D"	"SkingradCastleGuardPatrolDay02"	10	1	0		1	10	0	0
"0x0002C0BB"	"SkingradCastleGuardPatrolNight01"	10	1	0		1	10	1	0
"0x0000C03E"	"SkingradCastleGuardPatrolNight02"	10	1	0		1	10	1	0
"0x00028FBB"	"SkingradCastleGuardPostDay01"	10	1	0		1	10	0	0
"0x00029372"	"SkingradCastleGuardPostDay02"	10	1	0		1	10	0	0
"0x00029373"	"SkingradCastleGuardPostNight01"	10	1	0		1	10	1	0
"0x00029379"	"SkingradCastleGuardPostNight02"	10	1	0		1	10	1	0
"0x00029397"	"SkingradGuardPatrolDay01"	10	1	0		1	10	1	0
"0x000293AA"	"SkingradGuardPatrolNight01"	10	1	0		1	10	1	0
"0x0002937E"	"SkingradGuardPostDay01"	10	1	0		1	10	1	0
"0x00029389"	"SkingradGuardPostDay02"	10	1	0		1	10	1	0
"0x00029398"	"SkingradGuardPostDay03"	10	1	0		1	10	1	0
"0x00029396"	"SkingradGuardPostDay04"	10	1	0		1	10	1	0
"0x0002938E"	"SkingradGuardPostNight01"	10	1	0		1	10	1	0
"0x00029394"	"SkingradGuardPostNight02"	10	1	0		1	10	1	0
"0x000293AB"	"SkingradGuardPostNight03"	10	1	0		1	10	1	0
"0x000293A9"	"SkingradGuardPostNight04"	10	1	0		1	10	1	0
"0x0000A0BA"	"SkingradGuardPostStablesDay"	10	1	0		1	10	1	0
"0x0000A0BB"	"SkingradGuardPostStablesNight"	10	1	0		1	10	1	0
"0x000514C6"	"Smirra"	1	1	0		1	1	0	0
"0x0002AF3E"	"Srazirr"	0	1	0		1	0	0	0
"0x00020078"	"Steffan"	2	10	0		1	2	10	20
"0x000897E7"	"Sthasa"	0	1	0		1	0	0	0
"0x00035727"	"StorntheBurly"	1	1	0		1	1	1	0
"0x00033900"	"Styrbjorn"	0	1	0		1	0	0	0
"0x0001E831"	"TG03ChapelTombGuard"	-2	1	0		1	-2	1	0
"0x000092A8"	"TG03ChapelUnderCroftGuard"	-2	1	0		1	-2	0	0
"0x0004B76F"	"TG06PaleLadyVampire"	-2	1	0		1	-2	0	0
"0x00093CD4"	"TG08MothPriestBigBossMale01"	2	1	0		1	2	1	0
"0x00093CD2"	"TG08MothPriestBossFemale01"	0	1	0		1	0	1	0
"0x00093CCD"	"TG08MothPriestBossMale01"	0	1	0		1	0	1	0
"0x00093CCE"	"TG08MothPriestFemale01"	-2	1	0		1	-2	1	0
"0x00093CCF"	"TG08MothPriestFemale02"	-4	1	0		1	-4	1	0
"0x00093CC8"	"TG08MothPriestMale01"	-2	1	0		1	-2	1	0
"0x00093CCA"	"TG08MothPriestMale02"	-4	1	0		1	-4	1	0
"0x0000C51A"	"TG08MothPriestMaleGuard01"	-2	1	0		1	-2	0	0
"0x00014F16"	"TG11ElvenStatue01"	0	1	0		1	0	1	0
"0x00014F17"	"TG11ElvenStatue02"	0	1	0		1	0	1	0
"0x0014C46F"	"TG11MothPriestBossFemale01"	0	1	0		1	0	0	0
"0x0014C46E"	"TG11MothPriestBossMale01"	0	1	0		1	0	0	0
"0x0017C464"	"TG11MothPriestDoorGuard01"	-2	1	0		1	-2	0	0
"0x0014C466"	"TG11MothPriestFemale01"	-2	1	0		1	-2	1	0
"0x0014C467"	"TG11MothPriestFemale02"	-4	1	0		1	-4	1	0
"0x0014C46A"	"TG11MothPriestMale01"	-2	1	0		1	-2	1	0
"0x0014C46B"	"TG11MothPriestMale02"	-4	1	0		1	-4	1	0
"0x0017C465"	"TG11MothPriestPrivateWanderer"	-2	1	0		1	-2	1	0
"0x000666FF"	"TG11PalaceGuard00"	0	8	0		1	0	8	0
"0x000666E7"	"TG11PalaceGuard01"	0	8	0		1	0	8	0
"0x000666E9"	"TG11PalaceGuard02"	0	8	0		1	0	8	0
"0x000666EB"	"TG11PalaceGuard03"	0	8	0		1	0	8	0
"0x000666EC"	"TG11PalaceGuard04"	10	8	0		1	10	8	0
"0x0006653F"	"TG11PalaceGuard05"	0	8	0		1	0	8	0
"0x0006653D"	"TG11PalaceGuard06"	0	8	0		1	0	8	0
"0x00181D1E"	"TG11PalaceGuardTopFloor"	0	6	0		1	0	6	0
"0x00023E34"	"Teinaava"	5	1	0		1	5	1	0
"0x0008ADCB"	"Tenville"	0	1	0		1	0	0	0
"0x000151FA"	"Thalfin"	0	1	0		1	0	1	0
"0x00002E94"	"Thiirchel"	1	1	0		1	1	0	0
"0x0018AFD9"	"ThorleyAethelred"	-3	1	0		1	-3	1	0
"0x00002E98"	"Thrangirfin"	1	1	0		1	1	1	0
"0x0000A29A"	"Thurindil"	1	1	0		1	1	0	0
"0x00028034"	"Tierra"	3	1	0		1	3	0	0
"0x0002991A"	"TimotheeLaRouche"	1	1	0		1	1	0	0
"0x0001C494"	"Tolgan"	1	1	0		1	1	0	0
"0x000A3832"	"TolvasaSendas"	1	1	0		1	1	0	0
"0x00026F96"	"TorbaltheSufficient"	1	1	0		1	1	1	0
"0x000897E3"	"Tsalajma"	1	1	0		1	1	0	0
"0x0003AA83"	"Tsarrina"	-3	1	0		1	-3	0	0
"0x000897E5"	"Tsramla"	1	1	0		1	1	0	0
"0x00053788"	"TyrelliusLogellus"	5	1	0		1	5	0	0
"0x0005378D"	"TyrelliusLogellusOffDuty"	0	1	0		1	0	0	0
"0x000034CC"	"UlrichLeland"	15	1	0		1	15	1	0
"0x0001ECD1"	"UlrikaUlfgar"	1	1	0		1	1	0	0
"0x000301C4"	"Ungolim"	15	1	0		1	15	1	0
"0x0001EC5D"	"Vajhira"	1	1	0		1	1	0	0
"0x000222A1"	"ValusOdiil"	-1	1	0		1	-1	1	0
"0x0003264A"	"VampireAcrobat2"	0	1	0		1	0	1	0
"0x00069ADE"	"VampireAcrobat3"	-1	1	0		1	-1	1	0
"0x00069ADF"	"VampireAcrobat4"	-2	1	0		1	-2	1	0
"0x01000D2C"	"VampireAcrobat5"	-2	1	0
"0x00032648"	"VampireAgent2"	0	1	0		1	0	1	0
"0x00069AE0"	"VampireAgent3"	-1	1	0		1	-1	1	0
"0x00069AE1"	"VampireAgent4"	-2	1	0		1	-2	1	0
"0x01000D2E"	"VampireAgent5"	-1	1	0
"0x00032645"	"VampireArcher2"	0	1	0		1	0	1	0
"0x00069AE2"	"VampireArcher3"	-1	1	0		1	-1	1	0
"0x00069AE3"	"VampireArcher4"	-2	1	0		1	-2	1	0
"0x01000D2F"	"VampireArcher5"	-1	1	0
"0x00032649"	"VampireAssassin2"	0	1	0		1	0	1	0
"0x00069AE4"	"VampireAssassin3"	-3	1	0		1	-3	1	0
"0x00069AE5"	"VampireAssassin4"	-2	1	0		1	-2	1	0
"0x01000D30"	"VampireAssassin5"	-1	1	0
"0x00032641"	"VampireBarbarian2"	-2	1	0		1	-2	1	0
"0x00069AE6"	"VampireBarbarian3"	-3	1	0		1	-3	1	0
"0x00069AE7"	"VampireBarbarian4"	-4	1	0		1	-4	1	0
"0x01000D31"	"VampireBarbarian5"	-2	1	0
"0x0003264D"	"VampireBard2"	-1	1	0		1	-1	1	0
"0x00069AE8"	"VampireBard3"	-2	1	0		1	-2	1	0
"0x00069AE9"	"VampireBard4"	-3	1	0		1	-3	1	0
"0x01000D32"	"VampireBard5"	-2	1	0
"0x00032651"	"VampireBattlemage2"	-2	1	0		1	-2	1	0
"0x00069AEA"	"VampireBattlemage3"	-3	1	0		1	-3	1	0
"0x00069AEB"	"VampireBattlemage4"	-4	1	0		1	-4	1	0
"0x01000D33"	"VampireBattlemage5"	-1	1	0
"0x00032642"	"VampireCrusader2"	-2	1	0		1	-2	1	0
"0x00069AEC"	"VampireCrusader3"	-3	1	0		1	-3	1	0
"0x00069AED"	"VampireCrusader4"	-4	1	0		1	-4	1	0
"0x01000D34"	"VampireCrusader5"	-2	1	0
"0x00032650"	"VampireHealer2"	-2	1	0		1	-2	1	0
"0x00069AEE"	"VampireHealer3"	-3	1	0		1	-3	1	0
"0x00069AEF"	"VampireHealer4"	-4	1	0		1	-4	1	0
"0x01000D35"	"VampireHealer5"	-1	1	0
"0x00032643"	"VampireKnight2"	-2	1	0		1	-2	1	0
"0x00069AF0"	"VampireKnight3"	-3	1	0		1	-3	1	0
"0x00069AF1"	"VampireKnight4"	-4	1	0		1	-4	1	0
"0x01000D36"	"VampireKnight5"	-1	1	0
"0x0003264E"	"VampireMage2"	-2	1	0		1	-2	1	0
"0x00069AF2"	"VampireMage3"	-3	1	0		1	-3	1	0
"0x00069AF3"	"VampireMage4"	-4	1	0		1	-4	1	0
"0x01000D37"	"VampireMage5"	-1	1	0
"0x0003264B"	"VampireMonk2"	-1	1	0		1	-1	1	0
"0x00069AF4"	"VampireMonk3"	-2	1	0		1	-2	1	0
"0x00069AF5"	"VampireMonk4"	-3	1	0		1	-3	1	0
"0x01000D38"	"VampireMonk5"	-2	1	0
"0x00032654"	"VampireNightblade2"	-2	1	0		1	-2	1	0
"0x00069AF6"	"VampireNightblade3"	-3	1	0		1	-3	1	0
"0x00069AF7"	"VampireNightblade4"	-4	1	0		1	-4	1	0
"0x01000D39"	"VampireNightblade5"	-1	1	0
"0x00032BFC"	"VampirePatriarchAssassinFemale"	2	1	0		1	2	1	0
"0x00032BFD"	"VampirePatriarchAssassinMale"	2	1	0		1	2	1	0
"0x00032BFF"	"VampirePatriarchCrusaderFemale"	0	1	0		1	0	0	0
"0x00032BFE"	"VampirePatriarchCrusaderMale"	0	1	0		1	0	1	0
"0x0101391F"	"VampirePatriarchCrusaderMaleZ"	6	1	0
"0x00032BF9"	"VampirePatriarchSorcererFemale"	0	1	0		1	0	0	0
"0x00032BF8"	"VampirePatriarchSorcererMale"	0	1	0		1	0	0	0
"0x0003264C"	"VampirePilgrim2"	-1	1	0		1	-1	1	0
"0x00069AF8"	"VampirePilgrim3"	-2	1	0		1	-2	1	0
"0x00069AF9"	"VampirePilgrim4"	-3	1	0		1	-3	1	0
"0x01000D3A"	"VampirePilgrim5"	-2	1	0
"0x00032646"	"VampireRogue2"	-2	1	0		1	-2	1	0
"0x00069AFA"	"VampireRogue3"	-3	1	0		1	-3	1	0
"0x00069AFB"	"VampireRogue4"	-4	1	0		1	-4	1	0
"0x01000D3B"	"VampireRogue5"	-1	1	0
"0x00032644"	"VampireScout2"	-1	1	0		1	-1	1	0
"0x00069AFC"	"VampireScout3"	-2	1	0		1	-2	1	0
"0x00069AFD"	"VampireScout4"	-3	1	0		1	-3	1	0
"0x01000D3C"	"VampireScout5"	-2	1	0
"0x0003264F"	"VampireSorcerer2"	-2	1	0		1	-2	1	0
"0x00069AFE"	"VampireSorcerer3"	-3	1	0		1	-3	1	0
"0x00069AFF"	"VampireSorcerer4"	-4	1	0		1	-4	1	0
"0x01000D3D"	"VampireSorcerer5"	-2	1	0
"0x00032653"	"VampireSpellsword2"	-2	1	0		1	-2	1	0
"0x00069B00"	"VampireSpellsword3"	-3	1	0		1	-3	1	0
"0x00069B01"	"VampireSpellsword4"	-4	1	0		1	-4	1	0
"0x01000D3E"	"VampireSpellsword5"	-2	1	0
"0x00032647"	"VampireThief2"	0	1	0		1	0	1	0
"0x00069B02"	"VampireThief3"	-1	1	0		1	-1	1	0
"0x00069B03"	"VampireThief4"	-2	1	0		1	-2	1	0
"0x01000D3F"	"VampireThief5"	-1	1	0
"0x00032640"	"VampireWarrior2"	-2	1	0		1	-2	1	0
"0x00069B04"	"VampireWarrior3"	-3	1	0		1	-3	1	0
"0x00069B05"	"VampireWarrior4"	-4	1	0		1	-4	1	0
"0x01000D40"	"VampireWarrior5"	-2	1	0
"0x00032652"	"VampireWitchhunter2"	-2	1	0		1	-2	1	0
"0x00069B06"	"VampireWitchhunter3"	-3	1	0		1	-3	1	0
"0x00069B07"	"VampireWitchhunter4"	-4	1	0		1	-4	1	0
"0x01000D41"	"VampireWitchhunter5"	-1	1	0
"0x01000CE6"	"VampireZAcrobat2"	0	1	0
"0x01000CE7"	"VampireZAcrobat3"	-1	1	0
"0x01000CE8"	"VampireZAcrobat4"	-2	1	0
"0x01000D2D"	"VampireZAcrobat5"	-2	1	0
"0x01000CE9"	"VampireZAgent2"	0	1	0
"0x01000CEA"	"VampireZAgent3"	-1	1	0
"0x01000CEB"	"VampireZAgent4"	-2	1	0
"0x01000D42"	"VampireZAgent5"	-1	1	0
"0x01000CEC"	"VampireZArcher2"	0	1	0
"0x01000CED"	"VampireZArcher3"	-1	1	0
"0x01000CEE"	"VampireZArcher4"	-2	1	0
"0x01000D43"	"VampireZArcher5"	-1	1	0
"0x01000CEF"	"VampireZAssassin2"	0	1	0
"0x01000CF0"	"VampireZAssassin3"	-2	1	0
"0x01000CF1"	"VampireZAssassin4"	-2	1	0
"0x01000D44"	"VampireZAssassin5"	-1	1	0
"0x01000CF2"	"VampireZBarbarian2"	-2	1	0
"0x01000CF3"	"VampireZBarbarian3"	-2	1	0
"0x01000CF4"	"VampireZBarbarian4"	-1	1	0
"0x01000D45"	"VampireZBarbarian5"	-2	1	0
"0x01000CF5"	"VampireZBard2"	-1	1	0
"0x01000CF6"	"VampireZBard3"	-2	1	0
"0x01000CF7"	"VampireZBard4"	-1	1	0
"0x01000D46"	"VampireZBard5"	-2	1	0
"0x01000CF8"	"VampireZBattlemage2"	-1	1	0
"0x01000CF9"	"VampireZBattlemage3"	-2	1	0
"0x01000CFA"	"VampireZBattlemage4"	-1	1	0
"0x01000D47"	"VampireZBattlemage5"	-2	1	0
"0x01000CFB"	"VampireZCrusader2"	-1	1	0
"0x01000CFC"	"VampireZCrusader3"	-2	1	0
"0x01000CFD"	"VampireZCrusader4"	-1	1	0
"0x01000D48"	"VampireZCrusader5"	-2	1	0
"0x01000CFE"	"VampireZHealer2"	-1	1	0
"0x01000CFF"	"VampireZHealer3"	-2	1	0
"0x01000D00"	"VampireZHealer4"	-1	1	0
"0x01000D49"	"VampireZHealer5"	-2	1	0
"0x01000D01"	"VampireZKnight2"	-1	1	0
"0x01000D02"	"VampireZKnight3"	-2	1	0
"0x01000D03"	"VampireZKnight4"	-1	1	0
"0x01000D4A"	"VampireZKnight5"	-2	1	0
"0x01000D04"	"VampireZMage2"	-2	1	0
"0x01000D05"	"VampireZMage3"	-1	1	0
"0x01000D06"	"VampireZMage4"	-2	1	0
"0x01000D4B"	"VampireZMage5"	-2	1	0
"0x01000D07"	"VampireZMonk2"	-1	1	0
"0x01000D08"	"VampireZMonk3"	-2	1	0
"0x01000D09"	"VampireZMonk4"	-1	1	0
"0x01000D4C"	"VampireZMonk5"	-2	1	0
"0x01000D0A"	"VampireZNightblade2"	-2	1	0
"0x01000D0B"	"VampireZNightblade3"	-1	1	0
"0x01000D0C"	"VampireZNightblade4"	-1	1	0
"0x01000D4D"	"VampireZNightblade5"	-2	1	0
"0x01000D0D"	"VampireZPatriarchAssassinFemale"	2	1	0
"0x01000D0E"	"VampireZPatriarchAssassinMale"	2	1	0
"0x01000D0F"	"VampireZPatriarchCrusaderFemale"	0	1	0
"0x01000D10"	"VampireZPatriarchCrusaderMale"	0	1	0
"0x01000D11"	"VampireZPatriarchSorcererFemale"	0	1	0
"0x01000D12"	"VampireZPatriarchSorcererMale"	0	1	0
"0x01000D13"	"VampireZPilgrim2"	-1	1	0
"0x01000D14"	"VampireZPilgrim3"	-2	1	0
"0x01000D15"	"VampireZPilgrim4"	-1	1	0
"0x01000D4E"	"VampireZPilgrim5"	-2	1	0
"0x01000D16"	"VampireZRogue2"	-1	1	0
"0x01000D17"	"VampireZRogue3"	-2	1	0
"0x01000D18"	"VampireZRogue4"	-1	1	0
"0x01000D4F"	"VampireZRogue5"	-2	1	0
"0x01000D19"	"VampireZScout2"	-1	1	0
"0x01000D1A"	"VampireZScout3"	-2	1	0
"0x01000D1B"	"VampireZScout4"	-2	1	0
"0x01000D50"	"VampireZScout5"	-1	1	0
"0x01000D1C"	"VampireZSorcerer2"	-2	1	0
"0x01000D1D"	"VampireZSorcerer3"	-1	1	0
"0x01000D1E"	"VampireZSorcerer4"	-2	1	0
"0x01000D51"	"VampireZSorcerer5"	-1	1	0
"0x01000D1F"	"VampireZSpellsword2"	-2	1	0
"0x01000D20"	"VampireZSpellsword3"	-1	1	0
"0x01000D21"	"VampireZSpellsword4"	-1	1	0
"0x01000D52"	"VampireZSpellsword5"	-2	1	0
"0x01000D22"	"VampireZThief2"	0	1	0
"0x01000D23"	"VampireZThief3"	-1	1	0
"0x01000D24"	"VampireZThief4"	-2	1	0
"0x01000D53"	"VampireZThief5"	-1	1	0
"0x01000D25"	"VampireZWarrior2"	-2	1	0
"0x01000D26"	"VampireZWarrior3"	-1	1	0
"0x01000D27"	"VampireZWarrior4"	-1	1	0
"0x01000D54"	"VampireZWarrior5"	-2	1	0
"0x01000D28"	"VampireZWitchhunter2"	-2	1	0
"0x01000D29"	"VampireZWitchhunter3"	-1	1	0
"0x01000D2A"	"VampireZWitchhunter4"	-1	1	0
"0x01000D55"	"VampireZWitchhunter5"	-2	1	0
"0x0002C7C7"	"VantusPrelius"	5	1	0		1	5	0	0
"0x0003628D"	"VelwynBenirus"	0	1	0		1	0	1	0
"0x0000556F"	"VeyondArgBossFemale1"	6	1	0		1	6	0	0
"0x00005570"	"VeyondArgBossFemale2"	6	1	0		1	6	1	0
"0x0000556D"	"VeyondArgBossMale1"	5	1	0		1	5	1	0
"0x0000556E"	"VeyondArgBossMale2"	5	1	0		1	5	0	0
"0x00005564"	"VeyondArgFemale2Blademaster"	2	1	0		1	2	1	0
"0x00005565"	"VeyondArgFemale3Assassin"	3	1	0		1	3	0	0
"0x00005566"	"VeyondArgFemale3Monk"	3	1	0		1	3	1	0
"0x00005567"	"VeyondArgFemale4Nightblade"	4	1	0		1	4	0	0
"0x00005568"	"VeyondArgFemale4Scout"	4	1	0		1	4	0	0
"0x00005563"	"VeyondArgMale2Blademaster"	2	1	0		1	2	1	0
"0x00005561"	"VeyondArgMale3Nightblade"	3	1	0		1	3	0	0
"0x00005562"	"VeyondArgMale3Scout"	3	1	0		1	3	0	0
"0x00005571"	"VeyondArgMale4Assassin"	4	1	0		1	4	1	0
"0x00005560"	"VeyondArgMale4Monk"	4	1	0		1	4	1	0
"0x0000556C"	"VeyondArgShamanFemale3A"	3	1	0		1	3	0	0
"0x0000556B"	"VeyondArgShamanFemale4A"	4	1	0		1	4	0	0
"0x0000556A"	"VeyondArgShamanMale2"	2	1	0		1	2	1	0
"0x00005569"	"VeyondArgShamanMale3B"	3	1	0		1	3	0	0
"0x00023E39"	"VicenteValtieri"	5	1	0		1	5	1	0
"0x000234C1"	"VilenaDonton"	40	1	0		1	40	1	0
"0x0006C355"	"VilverinBanditAmbushNPC"	-4	1	0		1	-4	0	0
"0x0006C35A"	"VilverinBanditBoss"	-1	1	0		1	-1	0	0
"0x0006C35D"	"VilverinBanditFurnitureKhajiit"	-4	1	0		1	-4	0	0
"0x0006C357"	"VilverinBanditSittingNPC"	-4	1	0		1	-4	0	0
"0x0002D71F"	"ViranusDonton"	-1	1	0		1	-1	0	0
"0x000477DC"	"VlanarusKvinchal"	4	1	0		1	4	0	0
"0x000280C8"	"VlanhonderMoslin"	-3	1	0		1	-3	0	0
"0x000039B1"	"VontusIdolus"	1	1	0		1	1	0	0
"0x000234B2"	"Wallace"	1	1	0		1	1	0	0
"0x000336F6"	"WormAnchorite"	10	1	0		1	10	1	0
"0x0000C1DA"	"Wrath"	2	1	0		1	2	1	0
"0x00037CDD"	"YsabelAndronicus"	20	1	0		1	20	0	0
"0x00026B4E"	"Yushi"	1	1	0		1	1	1	0
"0x00026AEF"	"Zabhila"	1	1	0		1	1	0	0
"0x000352B1"	"Zahrasha"	1	1	0		1	1	0	0
